NumberOfGroups, Error, EmptyGroups, EmptyPercentage, NonEmptyGroups, group
2,0.7402913192005278,0,0.0,2,............ 1 0 0 1 1 1 0 1 1 0 1 1 0 0 0 1 0 1 0 1 1 0 0 0 1 1 1 1 1 0 1 1 0 1 0 0 1 1 1 0 0 1 0 1 1 1 1 1 1 0 1 1 0 0 1 0 1 1 1 0 1 1 1 1 1 1 1 0 1 1 1 1 1 0 1 0 1 1 1 0 0 1 1 1 1 1 0 1 1 1 0 1 1 1 0 0 0 1 1 1
3,0.703465037601467,0,0.0,3,............ 1 0 2 1 1 1 2 1 1 0 1 1 2 0 2 1 0 1 2 1 1 0 0 2 1 1 1 1 1 2 1 1 2 1 0 2 1 1 1 2 0 1 0 1 1 1 1 1 1 0 1 1 2 2 1 2 1 1 1 0 1 1 1 1 1 1 1 2 1 1 1 1 1 0 1 0 1 1 1 0 0 1 1 1 1 1 2 1 1 1 0 1 1 1 0 0 0 1 1 1
4,0.7285327155536881,0,0.0,4,............ 1 0 2 1 1 1 2 3 1 0 3 1 2 0 2 1 0 1 2 1 3 0 0 2 1 3 1 3 1 2 1 3 2 1 0 2 3 1 1 2 0 1 0 3 3 1 1 1 1 0 1 1 2 2 3 2 1 1 1 0 3 1 1 1 1 1 3 2 1 3 1 1 1 0 1 0 1 1 3 0 0 3 1 3 3 3 2 1 3 1 0 1 3 3 0 0 0 1 3 3
5,0.7583982742030873,0,0.0,5,............ 1 4 2 1 1 1 2 3 1 4 3 1 2 4 2 1 0 1 2 1 3 0 0 2 1 3 1 3 1 2 1 3 2 1 0 2 3 1 1 2 4 1 0 3 3 1 1 1 1 4 1 1 2 2 3 2 1 1 1 0 3 1 1 1 1 1 3 2 1 3 1 1 1 4 1 0 1 1 3 4 0 3 1 3 3 3 2 1 3 1 4 1 3 3 0 0 0 1 3 3
6,0.8278005542942338,0,0.0,6,............ 1 4 2 1 1 1 2 3 1 5 3 1 2 4 2 1 0 1 2 1 3 0 0 2 1 3 1 3 1 2 1 3 2 1 0 2 3 1 1 2 5 1 0 3 3 1 1 1 1 4 1 1 2 2 3 2 1 1 1 0 3 1 1 1 1 1 3 2 1 3 1 1 1 4 1 0 1 1 3 4 0 3 1 3 3 3 2 1 3 1 4 1 3 3 0 0 0 1 3 3
7,0.8312676367995867,0,0.0,7,............ 1 4 2 1 1 1 2 3 1 5 3 1 2 4 2 1 0 1 2 1 3 0 0 2 1 3 1 3 1 2 1 3 2 1 0 2 3 1 1 2 5 1 0 3 3 1 1 1 1 6 1 1 2 2 3 2 1 1 1 0 3 1 1 1 1 1 3 2 1 3 1 1 1 4 1 0 1 1 3 6 0 3 1 3 3 3 2 1 3 1 4 1 3 3 0 0 0 1 3 3
8,0.9691156283678493,0,0.0,8,............ 1 4 2 1 1 1 2 3 1 5 3 1 2 4 2 1 0 1 2 1 3 0 0 2 1 3 1 3 1 2 1 3 2 1 0 2 3 1 1 2 7 1 0 3 3 1 1 1 1 6 1 1 2 2 3 2 1 1 1 0 3 1 1 1 1 1 3 2 1 3 1 1 1 4 1 0 1 1 3 6 0 3 1 3 3 3 2 1 3 1 4 1 3 3 0 0 0 1 3 3
9,0.8618220781686632,0,0.0,9,............ 1 4 2 1 1 1 2 3 1 5 3 1 2 4 2 1 0 1 2 1 3 0 0 2 1 3 1 3 1 2 1 3 2 1 0 2 3 1 1 2 7 1 0 3 3 1 1 1 1 6 1 1 2 2 3 2 1 1 1 0 3 1 1 1 1 1 3 2 1 3 1 1 1 4 1 0 1 1 3 6 0 3 1 3 3 3 2 1 3 1 4 1 3 3 0 0 0 1 3 3
10,0.8618220781686632,0,0.0,10,............ 1 4 2 1 1 1 2 3 1 5 3 1 2 4 2 1 0 1 2 1 3 0 0 2 1 3 1 3 1 2 1 3 2 1 0 2 3 1 1 2 7 1 0 3 3 1 1 1 1 6 1 1 2 2 3 2 1 1 1 0 3 1 1 1 1 1 3 2 1 3 1 1 1 4 1 0 1 1 3 6 0 3 1 3 3 3 2 1 3 1 4 1 3 3 0 0 0 1 3 3
11,0.8618220781686632,0,0.0,11,............ 1 4 2 1 1 1 2 3 1 5 3 1 2 4 2 1 0 1 2 1 3 0 0 2 1 3 1 3 1 2 1 3 2 1 0 2 3 1 1 2 7 1 0 3 3 1 1 1 1 6 1 1 2 2 3 2 1 1 1 0 3 1 1 1 1 1 3 2 1 3 1 1 1 4 1 0 1 1 3 6 0 3 1 3 3 3 2 1 3 1 4 1 3 3 0 0 0 1 3 3
12,0.8618220781686632,0,0.0,12,............ 1 4 2 1 1 1 2 3 1 5 3 1 2 4 2 1 0 1 2 1 3 0 0 2 1 3 1 3 1 2 1 3 2 1 0 2 3 1 1 2 7 1 0 3 3 1 1 1 1 6 1 1 2 2 3 2 1 1 1 0 3 1 1 1 1 1 3 2 1 3 1 1 1 4 1 0 1 1 3 6 0 3 1 3 3 3 2 1 3 1 4 1 3 3 0 0 0 1 3 3
13,0.8618220781686632,0,0.0,13,............ 1 4 2 1 1 1 2 3 1 5 3 1 2 4 2 1 0 1 2 1 3 0 0 2 1 3 1 3 1 2 1 3 2 1 0 2 3 1 1 2 7 1 0 3 3 1 1 1 1 6 1 1 2 2 3 2 1 1 1 0 3 1 1 1 1 1 3 2 1 3 1 1 1 4 1 0 1 1 3 6 0 3 1 3 3 3 2 1 3 1 4 1 3 3 0 0 0 1 3 3
14,0.8618220781686632,0,0.0,14,............ 1 4 2 1 1 1 2 3 1 5 3 1 2 4 2 1 0 1 2 1 3 0 0 2 1 3 1 3 1 2 1 3 2 1 0 2 3 1 1 2 7 1 0 3 3 1 1 1 1 6 1 1 2 2 3 2 1 1 1 0 3 1 1 1 1 1 3 2 1 3 1 1 1 4 1 0 1 1 3 6 0 3 1 3 3 3 2 1 3 1 4 1 3 3 0 0 0 1 3 3
15,0.8618220781686632,0,0.0,15,............ 1 4 2 1 1 1 2 3 1 5 3 1 2 4 2 1 0 1 2 1 3 0 0 2 1 3 1 3 1 2 1 3 2 1 0 2 3 1 1 2 7 1 0 3 3 1 1 1 1 6 1 1 2 2 3 2 1 1 1 0 3 1 1 1 1 1 3 2 1 3 1 1 1 4 1 0 1 1 3 6 0 3 1 3 3 3 2 1 3 1 4 1 3 3 0 0 0 1 3 3
16,0.8618220781686632,0,0.0,16,............ 1 4 2 1 1 1 2 3 1 5 3 1 2 4 2 1 0 1 2 1 3 0 0 2 1 3 1 3 1 2 1 3 2 1 0 2 3 1 1 2 7 1 0 3 3 1 1 1 1 6 1 1 2 2 3 2 1 1 1 0 3 1 1 1 1 1 3 2 1 3 1 1 1 4 1 0 1 1 3 6 0 3 1 3 3 3 2 1 3 1 4 1 3 3 0 0 0 1 3 3
17,0.8618220781686632,0,0.0,17,............ 1 4 2 1 1 1 2 3 1 5 3 1 2 4 2 1 0 1 2 1 3 0 0 2 1 3 1 3 1 2 1 3 2 1 0 2 3 1 1 2 7 1 0 3 3 1 1 1 1 6 1 1 2 2 3 2 1 1 1 0 3 1 1 1 1 1 3 2 1 3 1 1 1 4 1 0 1 1 3 6 0 3 1 3 3 3 2 1 3 1 4 1 3 3 0 0 0 1 3 3
18,0.8618220781686632,0,0.0,18,............ 1 4 2 1 1 1 2 3 1 5 3 1 2 4 2 1 0 1 2 1 3 0 0 2 1 3 1 3 1 2 1 3 2 1 0 2 3 1 1 2 7 1 0 3 3 1 1 1 1 6 1 1 2 2 3 2 1 1 1 0 3 1 1 1 1 1 3 2 1 3 1 1 1 4 1 0 1 1 3 6 0 3 1 3 3 3 2 1 3 1 4 1 3 3 0 0 0 1 3 3
19,0.8618220781686632,0,0.0,19,............ 1 4 2 1 1 1 2 3 1 5 3 1 2 4 2 1 0 1 2 1 3 0 0 2 1 3 1 3 1 2 1 3 2 1 0 2 3 1 1 2 7 1 0 3 3 1 1 1 1 6 1 1 2 2 3 2 1 1 1 0 3 1 1 1 1 1 3 2 1 3 1 1 1 4 1 0 1 1 3 6 0 3 1 3 3 3 2 1 3 1 4 1 3 3 0 0 0 1 3 3
20,0.8618220781686632,0,0.0,20,............ 1 4 2 1 1 1 2 3 1 5 3 1 2 4 2 1 0 1 2 1 3 0 0 2 1 3 1 3 1 2 1 3 2 1 0 2 3 1 1 2 7 1 0 3 3 1 1 1 1 6 1 1 2 2 3 2 1 1 1 0 3 1 1 1 1 1 3 2 1 3 1 1 1 4 1 0 1 1 3 6 0 3 1 3 3 3 2 1 3 1 4 1 3 3 0 0 0 1 3 3
21,0.8618220781686632,0,0.0,21,............ 1 4 2 1 1 1 2 3 1 5 3 1 2 4 2 1 0 1 2 1 3 0 0 2 1 3 1 3 1 2 1 3 2 1 0 2 3 1 1 2 7 1 0 3 3 1 1 1 1 6 1 1 2 2 3 2 1 1 1 0 3 1 1 1 1 1 3 2 1 3 1 1 1 4 1 0 1 1 3 6 0 3 1 3 3 3 2 1 3 1 4 1 3 3 0 0 0 1 3 3
22,0.8618220781686632,0,0.0,22,............ 1 4 2 1 1 1 2 3 1 5 3 1 2 4 2 1 0 1 2 1 3 0 0 2 1 3 1 3 1 2 1 3 2 1 0 2 3 1 1 2 7 1 0 3 3 1 1 1 1 6 1 1 2 2 3 2 1 1 1 0 3 1 1 1 1 1 3 2 1 3 1 1 1 4 1 0 1 1 3 6 0 3 1 3 3 3 2 1 3 1 4 1 3 3 0 0 0 1 3 3
23,0.8618220781686632,0,0.0,23,............ 1 4 2 1 1 1 2 3 1 5 3 1 2 4 2 1 0 1 2 1 3 0 0 2 1 3 1 3 1 2 1 3 2 1 0 2 3 1 1 2 7 1 0 3 3 1 1 1 1 6 1 1 2 2 3 2 1 1 1 0 3 1 1 1 1 1 3 2 1 3 1 1 1 4 1 0 1 1 3 6 0 3 1 3 3 3 2 1 3 1 4 1 3 3 0 0 0 1 3 3
24,0.8618220781686632,0,0.0,24,............ 1 4 2 1 1 1 2 3 1 5 3 1 2 4 2 1 0 1 2 1 3 0 0 2 1 3 1 3 1 2 1 3 2 1 0 2 3 1 1 2 7 1 0 3 3 1 1 1 1 6 1 1 2 2 3 2 1 1 1 0 3 1 1 1 1 1 3 2 1 3 1 1 1 4 1 0 1 1 3 6 0 3 1 3 3 3 2 1 3 1 4 1 3 3 0 0 0 1 3 3
25,0.8618220781686632,0,0.0,25,............ 1 4 2 1 1 1 2 3 1 5 3 1 2 4 2 1 0 1 2 1 3 0 0 2 1 3 1 3 1 2 1 3 2 1 0 2 3 1 1 2 7 1 0 3 3 1 1 1 1 6 1 1 2 2 3 2 1 1 1 0 3 1 1 1 1 1 3 2 1 3 1 1 1 4 1 0 1 1 3 6 0 3 1 3 3 3 2 1 3 1 4 1 3 3 0 0 0 1 3 3
26,0.8618220781686632,0,0.0,26,............ 1 4 2 1 1 1 2 3 1 5 3 1 2 4 2 1 0 1 2 1 3 0 0 2 1 3 1 3 1 2 1 3 2 1 0 2 3 1 1 2 7 1 0 3 3 1 1 1 1 6 1 1 2 2 3 2 1 1 1 0 3 1 1 1 1 1 3 2 1 3 1 1 1 4 1 0 1 1 3 6 0 3 1 3 3 3 2 1 3 1 4 1 3 3 0 0 0 1 3 3
27,0.8618220781686632,0,0.0,27,............ 1 4 2 1 1 1 2 3 1 5 3 1 2 4 2 1 0 1 2 1 3 0 0 2 1 3 1 3 1 2 1 3 2 1 0 2 3 1 1 2 7 1 0 3 3 1 1 1 1 6 1 1 2 2 3 2 1 1 1 0 3 1 1 1 1 1 3 2 1 3 1 1 1 4 1 0 1 1 3 6 0 3 1 3 3 3 2 1 3 1 4 1 3 3 0 0 0 1 3 3
28,0.8618220781686632,0,0.0,28,............ 1 4 2 1 1 1 2 3 1 5 3 1 2 4 2 1 0 1 2 1 3 0 0 2 1 3 1 3 1 2 1 3 2 1 0 2 3 1 1 2 7 1 0 3 3 1 1 1 1 6 1 1 2 2 3 2 1 1 1 0 3 1 1 1 1 1 3 2 1 3 1 1 1 4 1 0 1 1 3 6 0 3 1 3 3 3 2 1 3 1 4 1 3 3 0 0 0 1 3 3
29,0.8618220781686632,0,0.0,29,............ 1 4 2 1 1 1 2 3 1 5 3 1 2 4 2 1 0 1 2 1 3 0 0 2 1 3 1 3 1 2 1 3 2 1 0 2 3 1 1 2 7 1 0 3 3 1 1 1 1 6 1 1 2 2 3 2 1 1 1 0 3 1 1 1 1 1 3 2 1 3 1 1 1 4 1 0 1 1 3 6 0 3 1 3 3 3 2 1 3 1 4 1 3 3 0 0 0 1 3 3
30,0.8618220781686632,0,0.0,30,............ 1 4 2 1 1 1 2 3 1 5 3 1 2 4 2 1 0 1 2 1 3 0 0 2 1 3 1 3 1 2 1 3 2 1 0 2 3 1 1 2 7 1 0 3 3 1 1 1 1 6 1 1 2 2 3 2 1 1 1 0 3 1 1 1 1 1 3 2 1 3 1 1 1 4 1 0 1 1 3 6 0 3 1 3 3 3 2 1 3 1 4 1 3 3 0 0 0 1 3 3
31,0.8618220781686632,0,0.0,31,............ 1 4 2 1 1 1 2 3 1 5 3 1 2 4 2 1 0 1 2 1 3 0 0 2 1 3 1 3 1 2 1 3 2 1 0 2 3 1 1 2 7 1 0 3 3 1 1 1 1 6 1 1 2 2 3 2 1 1 1 0 3 1 1 1 1 1 3 2 1 3 1 1 1 4 1 0 1 1 3 6 0 3 1 3 3 3 2 1 3 1 4 1 3 3 0 0 0 1 3 3
32,0.8618220781686632,0,0.0,32,............ 1 4 2 1 1 1 2 3 1 5 3 1 2 4 2 1 0 1 2 1 3 0 0 2 1 3 1 3 1 2 1 3 2 1 0 2 3 1 1 2 7 1 0 3 3 1 1 1 1 6 1 1 2 2 3 2 1 1 1 0 3 1 1 1 1 1 3 2 1 3 1 1 1 4 1 0 1 1 3 6 0 3 1 3 3 3 2 1 3 1 4 1 3 3 0 0 0 1 3 3
33,0.8618220781686632,0,0.0,33,............ 1 4 2 1 1 1 2 3 1 5 3 1 2 4 2 1 0 1 2 1 3 0 0 2 1 3 1 3 1 2 1 3 2 1 0 2 3 1 1 2 7 1 0 3 3 1 1 1 1 6 1 1 2 2 3 2 1 1 1 0 3 1 1 1 1 1 3 2 1 3 1 1 1 4 1 0 1 1 3 6 0 3 1 3 3 3 2 1 3 1 4 1 3 3 0 0 0 1 3 3
34,0.8618220781686632,0,0.0,34,............ 1 4 2 1 1 1 2 3 1 5 3 1 2 4 2 1 0 1 2 1 3 0 0 2 1 3 1 3 1 2 1 3 2 1 0 2 3 1 1 2 7 1 0 3 3 1 1 1 1 6 1 1 2 2 3 2 1 1 1 0 3 1 1 1 1 1 3 2 1 3 1 1 1 4 1 0 1 1 3 6 0 3 1 3 3 3 2 1 3 1 4 1 3 3 0 0 0 1 3 3
35,0.8618220781686632,0,0.0,35,............ 1 4 2 1 1 1 2 3 1 5 3 1 2 4 2 1 0 1 2 1 3 0 0 2 1 3 1 3 1 2 1 3 2 1 0 2 3 1 1 2 7 1 0 3 3 1 1 1 1 6 1 1 2 2 3 2 1 1 1 0 3 1 1 1 1 1 3 2 1 3 1 1 1 4 1 0 1 1 3 6 0 3 1 3 3 3 2 1 3 1 4 1 3 3 0 0 0 1 3 3
36,0.8618220781686632,0,0.0,36,............ 1 4 2 1 1 1 2 3 1 5 3 1 2 4 2 1 0 1 2 1 3 0 0 2 1 3 1 3 1 2 1 3 2 1 0 2 3 1 1 2 7 1 0 3 3 1 1 1 1 6 1 1 2 2 3 2 1 1 1 0 3 1 1 1 1 1 3 2 1 3 1 1 1 4 1 0 1 1 3 6 0 3 1 3 3 3 2 1 3 1 4 1 3 3 0 0 0 1 3 3
37,0.8618220781686632,0,0.0,37,............ 1 4 2 1 1 1 2 3 1 5 3 1 2 4 2 1 0 1 2 1 3 0 0 2 1 3 1 3 1 2 1 3 2 1 0 2 3 1 1 2 7 1 0 3 3 1 1 1 1 6 1 1 2 2 3 2 1 1 1 0 3 1 1 1 1 1 3 2 1 3 1 1 1 4 1 0 1 1 3 6 0 3 1 3 3 3 2 1 3 1 4 1 3 3 0 0 0 1 3 3
38,0.8618220781686632,0,0.0,38,............ 1 4 2 1 1 1 2 3 1 5 3 1 2 4 2 1 0 1 2 1 3 0 0 2 1 3 1 3 1 2 1 3 2 1 0 2 3 1 1 2 7 1 0 3 3 1 1 1 1 6 1 1 2 2 3 2 1 1 1 0 3 1 1 1 1 1 3 2 1 3 1 1 1 4 1 0 1 1 3 6 0 3 1 3 3 3 2 1 3 1 4 1 3 3 0 0 0 1 3 3
39,0.8618220781686632,0,0.0,39,............ 1 4 2 1 1 1 2 3 1 5 3 1 2 4 2 1 0 1 2 1 3 0 0 2 1 3 1 3 1 2 1 3 2 1 0 2 3 1 1 2 7 1 0 3 3 1 1 1 1 6 1 1 2 2 3 2 1 1 1 0 3 1 1 1 1 1 3 2 1 3 1 1 1 4 1 0 1 1 3 6 0 3 1 3 3 3 2 1 3 1 4 1 3 3 0 0 0 1 3 3
40,0.8618220781686632,0,0.0,40,............ 1 4 2 1 1 1 2 3 1 5 3 1 2 4 2 1 0 1 2 1 3 0 0 2 1 3 1 3 1 2 1 3 2 1 0 2 3 1 1 2 7 1 0 3 3 1 1 1 1 6 1 1 2 2 3 2 1 1 1 0 3 1 1 1 1 1 3 2 1 3 1 1 1 4 1 0 1 1 3 6 0 3 1 3 3 3 2 1 3 1 4 1 3 3 0 0 0 1 3 3
41,0.8618220781686632,0,0.0,41,............ 1 4 2 1 1 1 2 3 1 5 3 1 2 4 2 1 0 1 2 1 3 0 0 2 1 3 1 3 1 2 1 3 2 1 0 2 3 1 1 2 7 1 0 3 3 1 1 1 1 6 1 1 2 2 3 2 1 1 1 0 3 1 1 1 1 1 3 2 1 3 1 1 1 4 1 0 1 1 3 6 0 3 1 3 3 3 2 1 3 1 4 1 3 3 0 0 0 1 3 3
42,0.8618220781686632,0,0.0,42,............ 1 4 2 1 1 1 2 3 1 5 3 1 2 4 2 1 0 1 2 1 3 0 0 2 1 3 1 3 1 2 1 3 2 1 0 2 3 1 1 2 7 1 0 3 3 1 1 1 1 6 1 1 2 2 3 2 1 1 1 0 3 1 1 1 1 1 3 2 1 3 1 1 1 4 1 0 1 1 3 6 0 3 1 3 3 3 2 1 3 1 4 1 3 3 0 0 0 1 3 3
43,0.8618220781686632,0,0.0,43,............ 1 4 2 1 1 1 2 3 1 5 3 1 2 4 2 1 0 1 2 1 3 0 0 2 1 3 1 3 1 2 1 3 2 1 0 2 3 1 1 2 7 1 0 3 3 1 1 1 1 6 1 1 2 2 3 2 1 1 1 0 3 1 1 1 1 1 3 2 1 3 1 1 1 4 1 0 1 1 3 6 0 3 1 3 3 3 2 1 3 1 4 1 3 3 0 0 0 1 3 3
44,0.8618220781686632,0,0.0,44,............ 1 4 2 1 1 1 2 3 1 5 3 1 2 4 2 1 0 1 2 1 3 0 0 2 1 3 1 3 1 2 1 3 2 1 0 2 3 1 1 2 7 1 0 3 3 1 1 1 1 6 1 1 2 2 3 2 1 1 1 0 3 1 1 1 1 1 3 2 1 3 1 1 1 4 1 0 1 1 3 6 0 3 1 3 3 3 2 1 3 1 4 1 3 3 0 0 0 1 3 3
45,0.8618220781686632,0,0.0,45,............ 1 4 2 1 1 1 2 3 1 5 3 1 2 4 2 1 0 1 2 1 3 0 0 2 1 3 1 3 1 2 1 3 2 1 0 2 3 1 1 2 7 1 0 3 3 1 1 1 1 6 1 1 2 2 3 2 1 1 1 0 3 1 1 1 1 1 3 2 1 3 1 1 1 4 1 0 1 1 3 6 0 3 1 3 3 3 2 1 3 1 4 1 3 3 0 0 0 1 3 3
46,0.8618220781686632,0,0.0,46,............ 1 4 2 1 1 1 2 3 1 5 3 1 2 4 2 1 0 1 2 1 3 0 0 2 1 3 1 3 1 2 1 3 2 1 0 2 3 1 1 2 7 1 0 3 3 1 1 1 1 6 1 1 2 2 3 2 1 1 1 0 3 1 1 1 1 1 3 2 1 3 1 1 1 4 1 0 1 1 3 6 0 3 1 3 3 3 2 1 3 1 4 1 3 3 0 0 0 1 3 3
47,0.8618220781686632,0,0.0,47,............ 1 4 2 1 1 1 2 3 1 5 3 1 2 4 2 1 0 1 2 1 3 0 0 2 1 3 1 3 1 2 1 3 2 1 0 2 3 1 1 2 7 1 0 3 3 1 1 1 1 6 1 1 2 2 3 2 1 1 1 0 3 1 1 1 1 1 3 2 1 3 1 1 1 4 1 0 1 1 3 6 0 3 1 3 3 3 2 1 3 1 4 1 3 3 0 0 0 1 3 3
48,0.8618220781686632,0,0.0,48,............ 1 4 2 1 1 1 2 3 1 5 3 1 2 4 2 1 0 1 2 1 3 0 0 2 1 3 1 3 1 2 1 3 2 1 0 2 3 1 1 2 7 1 0 3 3 1 1 1 1 6 1 1 2 2 3 2 1 1 1 0 3 1 1 1 1 1 3 2 1 3 1 1 1 4 1 0 1 1 3 6 0 3 1 3 3 3 2 1 3 1 4 1 3 3 0 0 0 1 3 3
49,0.8618220781686632,0,0.0,49,............ 1 4 2 1 1 1 2 3 1 5 3 1 2 4 2 1 0 1 2 1 3 0 0 2 1 3 1 3 1 2 1 3 2 1 0 2 3 1 1 2 7 1 0 3 3 1 1 1 1 6 1 1 2 2 3 2 1 1 1 0 3 1 1 1 1 1 3 2 1 3 1 1 1 4 1 0 1 1 3 6 0 3 1 3 3 3 2 1 3 1 4 1 3 3 0 0 0 1 3 3
50,0.8618220781686632,0,0.0,50,............ 1 4 2 1 1 1 2 3 1 5 3 1 2 4 2 1 0 1 2 1 3 0 0 2 1 3 1 3 1 2 1 3 2 1 0 2 3 1 1 2 7 1 0 3 3 1 1 1 1 6 1 1 2 2 3 2 1 1 1 0 3 1 1 1 1 1 3 2 1 3 1 1 1 4 1 0 1 1 3 6 0 3 1 3 3 3 2 1 3 1 4 1 3 3 0 0 0 1 3 3
51,0.8618220781686632,0,0.0,51,............ 1 4 2 1 1 1 2 3 1 5 3 1 2 4 2 1 0 1 2 1 3 0 0 2 1 3 1 3 1 2 1 3 2 1 0 2 3 1 1 2 7 1 0 3 3 1 1 1 1 6 1 1 2 2 3 2 1 1 1 0 3 1 1 1 1 1 3 2 1 3 1 1 1 4 1 0 1 1 3 6 0 3 1 3 3 3 2 1 3 1 4 1 3 3 0 0 0 1 3 3
52,0.8618220781686632,0,0.0,52,............ 1 4 2 1 1 1 2 3 1 5 3 1 2 4 2 1 0 1 2 1 3 0 0 2 1 3 1 3 1 2 1 3 2 1 0 2 3 1 1 2 7 1 0 3 3 1 1 1 1 6 1 1 2 2 3 2 1 1 1 0 3 1 1 1 1 1 3 2 1 3 1 1 1 4 1 0 1 1 3 6 0 3 1 3 3 3 2 1 3 1 4 1 3 3 0 0 0 1 3 3
53,0.8618220781686632,0,0.0,53,............ 1 4 2 1 1 1 2 3 1 5 3 1 2 4 2 1 0 1 2 1 3 0 0 2 1 3 1 3 1 2 1 3 2 1 0 2 3 1 1 2 7 1 0 3 3 1 1 1 1 6 1 1 2 2 3 2 1 1 1 0 3 1 1 1 1 1 3 2 1 3 1 1 1 4 1 0 1 1 3 6 0 3 1 3 3 3 2 1 3 1 4 1 3 3 0 0 0 1 3 3
54,0.8618220781686632,0,0.0,54,............ 1 4 2 1 1 1 2 3 1 5 3 1 2 4 2 1 0 1 2 1 3 0 0 2 1 3 1 3 1 2 1 3 2 1 0 2 3 1 1 2 7 1 0 3 3 1 1 1 1 6 1 1 2 2 3 2 1 1 1 0 3 1 1 1 1 1 3 2 1 3 1 1 1 4 1 0 1 1 3 6 0 3 1 3 3 3 2 1 3 1 4 1 3 3 0 0 0 1 3 3
55,0.8618220781686632,0,0.0,55,............ 1 4 2 1 1 1 2 3 1 5 3 1 2 4 2 1 0 1 2 1 3 0 0 2 1 3 1 3 1 2 1 3 2 1 0 2 3 1 1 2 7 1 0 3 3 1 1 1 1 6 1 1 2 2 3 2 1 1 1 0 3 1 1 1 1 1 3 2 1 3 1 1 1 4 1 0 1 1 3 6 0 3 1 3 3 3 2 1 3 1 4 1 3 3 0 0 0 1 3 3
56,0.8618220781686632,0,0.0,56,............ 1 4 2 1 1 1 2 3 1 5 3 1 2 4 2 1 0 1 2 1 3 0 0 2 1 3 1 3 1 2 1 3 2 1 0 2 3 1 1 2 7 1 0 3 3 1 1 1 1 6 1 1 2 2 3 2 1 1 1 0 3 1 1 1 1 1 3 2 1 3 1 1 1 4 1 0 1 1 3 6 0 3 1 3 3 3 2 1 3 1 4 1 3 3 0 0 0 1 3 3
57,0.8618220781686632,0,0.0,57,............ 1 4 2 1 1 1 2 3 1 5 3 1 2 4 2 1 0 1 2 1 3 0 0 2 1 3 1 3 1 2 1 3 2 1 0 2 3 1 1 2 7 1 0 3 3 1 1 1 1 6 1 1 2 2 3 2 1 1 1 0 3 1 1 1 1 1 3 2 1 3 1 1 1 4 1 0 1 1 3 6 0 3 1 3 3 3 2 1 3 1 4 1 3 3 0 0 0 1 3 3
58,0.8618220781686632,0,0.0,58,............ 1 4 2 1 1 1 2 3 1 5 3 1 2 4 2 1 0 1 2 1 3 0 0 2 1 3 1 3 1 2 1 3 2 1 0 2 3 1 1 2 7 1 0 3 3 1 1 1 1 6 1 1 2 2 3 2 1 1 1 0 3 1 1 1 1 1 3 2 1 3 1 1 1 4 1 0 1 1 3 6 0 3 1 3 3 3 2 1 3 1 4 1 3 3 0 0 0 1 3 3
59,0.8618220781686632,0,0.0,59,............ 1 4 2 1 1 1 2 3 1 5 3 1 2 4 2 1 0 1 2 1 3 0 0 2 1 3 1 3 1 2 1 3 2 1 0 2 3 1 1 2 7 1 0 3 3 1 1 1 1 6 1 1 2 2 3 2 1 1 1 0 3 1 1 1 1 1 3 2 1 3 1 1 1 4 1 0 1 1 3 6 0 3 1 3 3 3 2 1 3 1 4 1 3 3 0 0 0 1 3 3
60,0.8618220781686632,0,0.0,60,............ 1 4 2 1 1 1 2 3 1 5 3 1 2 4 2 1 0 1 2 1 3 0 0 2 1 3 1 3 1 2 1 3 2 1 0 2 3 1 1 2 7 1 0 3 3 1 1 1 1 6 1 1 2 2 3 2 1 1 1 0 3 1 1 1 1 1 3 2 1 3 1 1 1 4 1 0 1 1 3 6 0 3 1 3 3 3 2 1 3 1 4 1 3 3 0 0 0 1 3 3
61,0.8618220781686632,0,0.0,61,............ 1 4 2 1 1 1 2 3 1 5 3 1 2 4 2 1 0 1 2 1 3 0 0 2 1 3 1 3 1 2 1 3 2 1 0 2 3 1 1 2 7 1 0 3 3 1 1 1 1 6 1 1 2 2 3 2 1 1 1 0 3 1 1 1 1 1 3 2 1 3 1 1 1 4 1 0 1 1 3 6 0 3 1 3 3 3 2 1 3 1 4 1 3 3 0 0 0 1 3 3
62,0.8618220781686632,0,0.0,62,............ 1 4 2 1 1 1 2 3 1 5 3 1 2 4 2 1 0 1 2 1 3 0 0 2 1 3 1 3 1 2 1 3 2 1 0 2 3 1 1 2 7 1 0 3 3 1 1 1 1 6 1 1 2 2 3 2 1 1 1 0 3 1 1 1 1 1 3 2 1 3 1 1 1 4 1 0 1 1 3 6 0 3 1 3 3 3 2 1 3 1 4 1 3 3 0 0 0 1 3 3
63,0.8618220781686632,0,0.0,63,............ 1 4 2 1 1 1 2 3 1 5 3 1 2 4 2 1 0 1 2 1 3 0 0 2 1 3 1 3 1 2 1 3 2 1 0 2 3 1 1 2 7 1 0 3 3 1 1 1 1 6 1 1 2 2 3 2 1 1 1 0 3 1 1 1 1 1 3 2 1 3 1 1 1 4 1 0 1 1 3 6 0 3 1 3 3 3 2 1 3 1 4 1 3 3 0 0 0 1 3 3
64,0.8618220781686632,0,0.0,64,............ 1 4 2 1 1 1 2 3 1 5 3 1 2 4 2 1 0 1 2 1 3 0 0 2 1 3 1 3 1 2 1 3 2 1 0 2 3 1 1 2 7 1 0 3 3 1 1 1 1 6 1 1 2 2 3 2 1 1 1 0 3 1 1 1 1 1 3 2 1 3 1 1 1 4 1 0 1 1 3 6 0 3 1 3 3 3 2 1 3 1 4 1 3 3 0 0 0 1 3 3
65,0.8618220781686632,0,0.0,65,............ 1 4 2 1 1 1 2 3 1 5 3 1 2 4 2 1 0 1 2 1 3 0 0 2 1 3 1 3 1 2 1 3 2 1 0 2 3 1 1 2 7 1 0 3 3 1 1 1 1 6 1 1 2 2 3 2 1 1 1 0 3 1 1 1 1 1 3 2 1 3 1 1 1 4 1 0 1 1 3 6 0 3 1 3 3 3 2 1 3 1 4 1 3 3 0 0 0 1 3 3
66,0.8618220781686632,0,0.0,66,............ 1 4 2 1 1 1 2 3 1 5 3 1 2 4 2 1 0 1 2 1 3 0 0 2 1 3 1 3 1 2 1 3 2 1 0 2 3 1 1 2 7 1 0 3 3 1 1 1 1 6 1 1 2 2 3 2 1 1 1 0 3 1 1 1 1 1 3 2 1 3 1 1 1 4 1 0 1 1 3 6 0 3 1 3 3 3 2 1 3 1 4 1 3 3 0 0 0 1 3 3
67,0.8618220781686632,0,0.0,67,............ 1 4 2 1 1 1 2 3 1 5 3 1 2 4 2 1 0 1 2 1 3 0 0 2 1 3 1 3 1 2 1 3 2 1 0 2 3 1 1 2 7 1 0 3 3 1 1 1 1 6 1 1 2 2 3 2 1 1 1 0 3 1 1 1 1 1 3 2 1 3 1 1 1 4 1 0 1 1 3 6 0 3 1 3 3 3 2 1 3 1 4 1 3 3 0 0 0 1 3 3
68,0.8618220781686632,0,0.0,68,............ 1 4 2 1 1 1 2 3 1 5 3 1 2 4 2 1 0 1 2 1 3 0 0 2 1 3 1 3 1 2 1 3 2 1 0 2 3 1 1 2 7 1 0 3 3 1 1 1 1 6 1 1 2 2 3 2 1 1 1 0 3 1 1 1 1 1 3 2 1 3 1 1 1 4 1 0 1 1 3 6 0 3 1 3 3 3 2 1 3 1 4 1 3 3 0 0 0 1 3 3
69,0.8618220781686632,0,0.0,69,............ 1 4 2 1 1 1 2 3 1 5 3 1 2 4 2 1 0 1 2 1 3 0 0 2 1 3 1 3 1 2 1 3 2 1 0 2 3 1 1 2 7 1 0 3 3 1 1 1 1 6 1 1 2 2 3 2 1 1 1 0 3 1 1 1 1 1 3 2 1 3 1 1 1 4 1 0 1 1 3 6 0 3 1 3 3 3 2 1 3 1 4 1 3 3 0 0 0 1 3 3
70,0.8618220781686632,0,0.0,70,............ 1 4 2 1 1 1 2 3 1 5 3 1 2 4 2 1 0 1 2 1 3 0 0 2 1 3 1 3 1 2 1 3 2 1 0 2 3 1 1 2 7 1 0 3 3 1 1 1 1 6 1 1 2 2 3 2 1 1 1 0 3 1 1 1 1 1 3 2 1 3 1 1 1 4 1 0 1 1 3 6 0 3 1 3 3 3 2 1 3 1 4 1 3 3 0 0 0 1 3 3
71,0.8618220781686632,0,0.0,71,............ 1 4 2 1 1 1 2 3 1 5 3 1 2 4 2 1 0 1 2 1 3 0 0 2 1 3 1 3 1 2 1 3 2 1 0 2 3 1 1 2 7 1 0 3 3 1 1 1 1 6 1 1 2 2 3 2 1 1 1 0 3 1 1 1 1 1 3 2 1 3 1 1 1 4 1 0 1 1 3 6 0 3 1 3 3 3 2 1 3 1 4 1 3 3 0 0 0 1 3 3
72,0.8618220781686632,0,0.0,72,............ 1 4 2 1 1 1 2 3 1 5 3 1 2 4 2 1 0 1 2 1 3 0 0 2 1 3 1 3 1 2 1 3 2 1 0 2 3 1 1 2 7 1 0 3 3 1 1 1 1 6 1 1 2 2 3 2 1 1 1 0 3 1 1 1 1 1 3 2 1 3 1 1 1 4 1 0 1 1 3 6 0 3 1 3 3 3 2 1 3 1 4 1 3 3 0 0 0 1 3 3
73,0.8618220781686632,0,0.0,73,............ 1 4 2 1 1 1 2 3 1 5 3 1 2 4 2 1 0 1 2 1 3 0 0 2 1 3 1 3 1 2 1 3 2 1 0 2 3 1 1 2 7 1 0 3 3 1 1 1 1 6 1 1 2 2 3 2 1 1 1 0 3 1 1 1 1 1 3 2 1 3 1 1 1 4 1 0 1 1 3 6 0 3 1 3 3 3 2 1 3 1 4 1 3 3 0 0 0 1 3 3
74,0.8618220781686632,0,0.0,74,............ 1 4 2 1 1 1 2 3 1 5 3 1 2 4 2 1 0 1 2 1 3 0 0 2 1 3 1 3 1 2 1 3 2 1 0 2 3 1 1 2 7 1 0 3 3 1 1 1 1 6 1 1 2 2 3 2 1 1 1 0 3 1 1 1 1 1 3 2 1 3 1 1 1 4 1 0 1 1 3 6 0 3 1 3 3 3 2 1 3 1 4 1 3 3 0 0 0 1 3 3
75,0.8618220781686632,0,0.0,75,............ 1 4 2 1 1 1 2 3 1 5 3 1 2 4 2 1 0 1 2 1 3 0 0 2 1 3 1 3 1 2 1 3 2 1 0 2 3 1 1 2 7 1 0 3 3 1 1 1 1 6 1 1 2 2 3 2 1 1 1 0 3 1 1 1 1 1 3 2 1 3 1 1 1 4 1 0 1 1 3 6 0 3 1 3 3 3 2 1 3 1 4 1 3 3 0 0 0 1 3 3
76,0.8618220781686632,0,0.0,76,............ 1 4 2 1 1 1 2 3 1 5 3 1 2 4 2 1 0 1 2 1 3 0 0 2 1 3 1 3 1 2 1 3 2 1 0 2 3 1 1 2 7 1 0 3 3 1 1 1 1 6 1 1 2 2 3 2 1 1 1 0 3 1 1 1 1 1 3 2 1 3 1 1 1 4 1 0 1 1 3 6 0 3 1 3 3 3 2 1 3 1 4 1 3 3 0 0 0 1 3 3
77,0.8618220781686632,0,0.0,77,............ 1 4 2 1 1 1 2 3 1 5 3 1 2 4 2 1 0 1 2 1 3 0 0 2 1 3 1 3 1 2 1 3 2 1 0 2 3 1 1 2 7 1 0 3 3 1 1 1 1 6 1 1 2 2 3 2 1 1 1 0 3 1 1 1 1 1 3 2 1 3 1 1 1 4 1 0 1 1 3 6 0 3 1 3 3 3 2 1 3 1 4 1 3 3 0 0 0 1 3 3
78,0.8618220781686632,0,0.0,78,............ 1 4 2 1 1 1 2 3 1 5 3 1 2 4 2 1 0 1 2 1 3 0 0 2 1 3 1 3 1 2 1 3 2 1 0 2 3 1 1 2 7 1 0 3 3 1 1 1 1 6 1 1 2 2 3 2 1 1 1 0 3 1 1 1 1 1 3 2 1 3 1 1 1 4 1 0 1 1 3 6 0 3 1 3 3 3 2 1 3 1 4 1 3 3 0 0 0 1 3 3
79,0.8618220781686632,0,0.0,79,............ 1 4 2 1 1 1 2 3 1 5 3 1 2 4 2 1 0 1 2 1 3 0 0 2 1 3 1 3 1 2 1 3 2 1 0 2 3 1 1 2 7 1 0 3 3 1 1 1 1 6 1 1 2 2 3 2 1 1 1 0 3 1 1 1 1 1 3 2 1 3 1 1 1 4 1 0 1 1 3 6 0 3 1 3 3 3 2 1 3 1 4 1 3 3 0 0 0 1 3 3
80,0.8618220781686632,0,0.0,80,............ 1 4 2 1 1 1 2 3 1 5 3 1 2 4 2 1 0 1 2 1 3 0 0 2 1 3 1 3 1 2 1 3 2 1 0 2 3 1 1 2 7 1 0 3 3 1 1 1 1 6 1 1 2 2 3 2 1 1 1 0 3 1 1 1 1 1 3 2 1 3 1 1 1 4 1 0 1 1 3 6 0 3 1 3 3 3 2 1 3 1 4 1 3 3 0 0 0 1 3 3
81,0.8618220781686632,0,0.0,81,............ 1 4 2 1 1 1 2 3 1 5 3 1 2 4 2 1 0 1 2 1 3 0 0 2 1 3 1 3 1 2 1 3 2 1 0 2 3 1 1 2 7 1 0 3 3 1 1 1 1 6 1 1 2 2 3 2 1 1 1 0 3 1 1 1 1 1 3 2 1 3 1 1 1 4 1 0 1 1 3 6 0 3 1 3 3 3 2 1 3 1 4 1 3 3 0 0 0 1 3 3
82,0.8618220781686632,0,0.0,82,............ 1 4 2 1 1 1 2 3 1 5 3 1 2 4 2 1 0 1 2 1 3 0 0 2 1 3 1 3 1 2 1 3 2 1 0 2 3 1 1 2 7 1 0 3 3 1 1 1 1 6 1 1 2 2 3 2 1 1 1 0 3 1 1 1 1 1 3 2 1 3 1 1 1 4 1 0 1 1 3 6 0 3 1 3 3 3 2 1 3 1 4 1 3 3 0 0 0 1 3 3
83,0.8618220781686632,0,0.0,83,............ 1 4 2 1 1 1 2 3 1 5 3 1 2 4 2 1 0 1 2 1 3 0 0 2 1 3 1 3 1 2 1 3 2 1 0 2 3 1 1 2 7 1 0 3 3 1 1 1 1 6 1 1 2 2 3 2 1 1 1 0 3 1 1 1 1 1 3 2 1 3 1 1 1 4 1 0 1 1 3 6 0 3 1 3 3 3 2 1 3 1 4 1 3 3 0 0 0 1 3 3
84,0.8618220781686632,0,0.0,84,............ 1 4 2 1 1 1 2 3 1 5 3 1 2 4 2 1 0 1 2 1 3 0 0 2 1 3 1 3 1 2 1 3 2 1 0 2 3 1 1 2 7 1 0 3 3 1 1 1 1 6 1 1 2 2 3 2 1 1 1 0 3 1 1 1 1 1 3 2 1 3 1 1 1 4 1 0 1 1 3 6 0 3 1 3 3 3 2 1 3 1 4 1 3 3 0 0 0 1 3 3
85,0.8618220781686632,0,0.0,85,............ 1 4 2 1 1 1 2 3 1 5 3 1 2 4 2 1 0 1 2 1 3 0 0 2 1 3 1 3 1 2 1 3 2 1 0 2 3 1 1 2 7 1 0 3 3 1 1 1 1 6 1 1 2 2 3 2 1 1 1 0 3 1 1 1 1 1 3 2 1 3 1 1 1 4 1 0 1 1 3 6 0 3 1 3 3 3 2 1 3 1 4 1 3 3 0 0 0 1 3 3
86,0.8618220781686632,0,0.0,86,............ 1 4 2 1 1 1 2 3 1 5 3 1 2 4 2 1 0 1 2 1 3 0 0 2 1 3 1 3 1 2 1 3 2 1 0 2 3 1 1 2 7 1 0 3 3 1 1 1 1 6 1 1 2 2 3 2 1 1 1 0 3 1 1 1 1 1 3 2 1 3 1 1 1 4 1 0 1 1 3 6 0 3 1 3 3 3 2 1 3 1 4 1 3 3 0 0 0 1 3 3
87,0.8618220781686632,0,0.0,87,............ 1 4 2 1 1 1 2 3 1 5 3 1 2 4 2 1 0 1 2 1 3 0 0 2 1 3 1 3 1 2 1 3 2 1 0 2 3 1 1 2 7 1 0 3 3 1 1 1 1 6 1 1 2 2 3 2 1 1 1 0 3 1 1 1 1 1 3 2 1 3 1 1 1 4 1 0 1 1 3 6 0 3 1 3 3 3 2 1 3 1 4 1 3 3 0 0 0 1 3 3
88,0.8618220781686632,0,0.0,88,............ 1 4 2 1 1 1 2 3 1 5 3 1 2 4 2 1 0 1 2 1 3 0 0 2 1 3 1 3 1 2 1 3 2 1 0 2 3 1 1 2 7 1 0 3 3 1 1 1 1 6 1 1 2 2 3 2 1 1 1 0 3 1 1 1 1 1 3 2 1 3 1 1 1 4 1 0 1 1 3 6 0 3 1 3 3 3 2 1 3 1 4 1 3 3 0 0 0 1 3 3
89,0.8618220781686632,0,0.0,89,............ 1 4 2 1 1 1 2 3 1 5 3 1 2 4 2 1 0 1 2 1 3 0 0 2 1 3 1 3 1 2 1 3 2 1 0 2 3 1 1 2 7 1 0 3 3 1 1 1 1 6 1 1 2 2 3 2 1 1 1 0 3 1 1 1 1 1 3 2 1 3 1 1 1 4 1 0 1 1 3 6 0 3 1 3 3 3 2 1 3 1 4 1 3 3 0 0 0 1 3 3
90,0.8618220781686632,0,0.0,90,............ 1 4 2 1 1 1 2 3 1 5 3 1 2 4 2 1 0 1 2 1 3 0 0 2 1 3 1 3 1 2 1 3 2 1 0 2 3 1 1 2 7 1 0 3 3 1 1 1 1 6 1 1 2 2 3 2 1 1 1 0 3 1 1 1 1 1 3 2 1 3 1 1 1 4 1 0 1 1 3 6 0 3 1 3 3 3 2 1 3 1 4 1 3 3 0 0 0 1 3 3
91,0.8618220781686632,0,0.0,91,............ 1 4 2 1 1 1 2 3 1 5 3 1 2 4 2 1 0 1 2 1 3 0 0 2 1 3 1 3 1 2 1 3 2 1 0 2 3 1 1 2 7 1 0 3 3 1 1 1 1 6 1 1 2 2 3 2 1 1 1 0 3 1 1 1 1 1 3 2 1 3 1 1 1 4 1 0 1 1 3 6 0 3 1 3 3 3 2 1 3 1 4 1 3 3 0 0 0 1 3 3
92,0.8618220781686632,0,0.0,92,............ 1 4 2 1 1 1 2 3 1 5 3 1 2 4 2 1 0 1 2 1 3 0 0 2 1 3 1 3 1 2 1 3 2 1 0 2 3 1 1 2 7 1 0 3 3 1 1 1 1 6 1 1 2 2 3 2 1 1 1 0 3 1 1 1 1 1 3 2 1 3 1 1 1 4 1 0 1 1 3 6 0 3 1 3 3 3 2 1 3 1 4 1 3 3 0 0 0 1 3 3
93,0.8618220781686632,0,0.0,93,............ 1 4 2 1 1 1 2 3 1 5 3 1 2 4 2 1 0 1 2 1 3 0 0 2 1 3 1 3 1 2 1 3 2 1 0 2 3 1 1 2 7 1 0 3 3 1 1 1 1 6 1 1 2 2 3 2 1 1 1 0 3 1 1 1 1 1 3 2 1 3 1 1 1 4 1 0 1 1 3 6 0 3 1 3 3 3 2 1 3 1 4 1 3 3 0 0 0 1 3 3
94,0.8618220781686632,0,0.0,94,............ 1 4 2 1 1 1 2 3 1 5 3 1 2 4 2 1 0 1 2 1 3 0 0 2 1 3 1 3 1 2 1 3 2 1 0 2 3 1 1 2 7 1 0 3 3 1 1 1 1 6 1 1 2 2 3 2 1 1 1 0 3 1 1 1 1 1 3 2 1 3 1 1 1 4 1 0 1 1 3 6 0 3 1 3 3 3 2 1 3 1 4 1 3 3 0 0 0 1 3 3
95,0.8618220781686632,0,0.0,95,............ 1 4 2 1 1 1 2 3 1 5 3 1 2 4 2 1 0 1 2 1 3 0 0 2 1 3 1 3 1 2 1 3 2 1 0 2 3 1 1 2 7 1 0 3 3 1 1 1 1 6 1 1 2 2 3 2 1 1 1 0 3 1 1 1 1 1 3 2 1 3 1 1 1 4 1 0 1 1 3 6 0 3 1 3 3 3 2 1 3 1 4 1 3 3 0 0 0 1 3 3
96,0.8618220781686632,0,0.0,96,............ 1 4 2 1 1 1 2 3 1 5 3 1 2 4 2 1 0 1 2 1 3 0 0 2 1 3 1 3 1 2 1 3 2 1 0 2 3 1 1 2 7 1 0 3 3 1 1 1 1 6 1 1 2 2 3 2 1 1 1 0 3 1 1 1 1 1 3 2 1 3 1 1 1 4 1 0 1 1 3 6 0 3 1 3 3 3 2 1 3 1 4 1 3 3 0 0 0 1 3 3
97,0.8618220781686632,0,0.0,97,............ 1 4 2 1 1 1 2 3 1 5 3 1 2 4 2 1 0 1 2 1 3 0 0 2 1 3 1 3 1 2 1 3 2 1 0 2 3 1 1 2 7 1 0 3 3 1 1 1 1 6 1 1 2 2 3 2 1 1 1 0 3 1 1 1 1 1 3 2 1 3 1 1 1 4 1 0 1 1 3 6 0 3 1 3 3 3 2 1 3 1 4 1 3 3 0 0 0 1 3 3
98,0.8618220781686632,0,0.0,98,............ 1 4 2 1 1 1 2 3 1 5 3 1 2 4 2 1 0 1 2 1 3 0 0 2 1 3 1 3 1 2 1 3 2 1 0 2 3 1 1 2 7 1 0 3 3 1 1 1 1 6 1 1 2 2 3 2 1 1 1 0 3 1 1 1 1 1 3 2 1 3 1 1 1 4 1 0 1 1 3 6 0 3 1 3 3 3 2 1 3 1 4 1 3 3 0 0 0 1 3 3
99,0.8618220781686632,0,0.0,99,............ 1 4 2 1 1 1 2 3 1 5 3 1 2 4 2 1 0 1 2 1 3 0 0 2 1 3 1 3 1 2 1 3 2 1 0 2 3 1 1 2 7 1 0 3 3 1 1 1 1 6 1 1 2 2 3 2 1 1 1 0 3 1 1 1 1 1 3 2 1 3 1 1 1 4 1 0 1 1 3 6 0 3 1 3 3 3 2 1 3 1 4 1 3 3 0 0 0 1 3 3
100,0.8618220781686632,0,0.0,100,............ 1 4 2 1 1 1 2 3 1 5 3 1 2 4 2 1 0 1 2 1 3 0 0 2 1 3 1 3 1 2 1 3 2 1 0 2 3 1 1 2 7 1 0 3 3 1 1 1 1 6 1 1 2 2 3 2 1 1 1 0 3 1 1 1 1 1 3 2 1 3 1 1 1 4 1 0 1 1 3 6 0 3 1 3 3 3 2 1 3 1 4 1 3 3 0 0 0 1 3 3
101,0.8618220781686632,0,0.0,101,............ 1 4 2 1 1 1 2 3 1 5 3 1 2 4 2 1 0 1 2 1 3 0 0 2 1 3 1 3 1 2 1 3 2 1 0 2 3 1 1 2 7 1 0 3 3 1 1 1 1 6 1 1 2 2 3 2 1 1 1 0 3 1 1 1 1 1 3 2 1 3 1 1 1 4 1 0 1 1 3 6 0 3 1 3 3 3 2 1 3 1 4 1 3 3 0 0 0 1 3 3
102,0.8618220781686632,0,0.0,102,............ 1 4 2 1 1 1 2 3 1 5 3 1 2 4 2 1 0 1 2 1 3 0 0 2 1 3 1 3 1 2 1 3 2 1 0 2 3 1 1 2 7 1 0 3 3 1 1 1 1 6 1 1 2 2 3 2 1 1 1 0 3 1 1 1 1 1 3 2 1 3 1 1 1 4 1 0 1 1 3 6 0 3 1 3 3 3 2 1 3 1 4 1 3 3 0 0 0 1 3 3
103,0.8618220781686632,0,0.0,103,............ 1 4 2 1 1 1 2 3 1 5 3 1 2 4 2 1 0 1 2 1 3 0 0 2 1 3 1 3 1 2 1 3 2 1 0 2 3 1 1 2 7 1 0 3 3 1 1 1 1 6 1 1 2 2 3 2 1 1 1 0 3 1 1 1 1 1 3 2 1 3 1 1 1 4 1 0 1 1 3 6 0 3 1 3 3 3 2 1 3 1 4 1 3 3 0 0 0 1 3 3
104,0.8618220781686632,0,0.0,104,............ 1 4 2 1 1 1 2 3 1 5 3 1 2 4 2 1 0 1 2 1 3 0 0 2 1 3 1 3 1 2 1 3 2 1 0 2 3 1 1 2 7 1 0 3 3 1 1 1 1 6 1 1 2 2 3 2 1 1 1 0 3 1 1 1 1 1 3 2 1 3 1 1 1 4 1 0 1 1 3 6 0 3 1 3 3 3 2 1 3 1 4 1 3 3 0 0 0 1 3 3
105,0.8618220781686632,0,0.0,105,............ 1 4 2 1 1 1 2 3 1 5 3 1 2 4 2 1 0 1 2 1 3 0 0 2 1 3 1 3 1 2 1 3 2 1 0 2 3 1 1 2 7 1 0 3 3 1 1 1 1 6 1 1 2 2 3 2 1 1 1 0 3 1 1 1 1 1 3 2 1 3 1 1 1 4 1 0 1 1 3 6 0 3 1 3 3 3 2 1 3 1 4 1 3 3 0 0 0 1 3 3
106,0.8618220781686632,0,0.0,106,............ 1 4 2 1 1 1 2 3 1 5 3 1 2 4 2 1 0 1 2 1 3 0 0 2 1 3 1 3 1 2 1 3 2 1 0 2 3 1 1 2 7 1 0 3 3 1 1 1 1 6 1 1 2 2 3 2 1 1 1 0 3 1 1 1 1 1 3 2 1 3 1 1 1 4 1 0 1 1 3 6 0 3 1 3 3 3 2 1 3 1 4 1 3 3 0 0 0 1 3 3
107,0.8618220781686632,0,0.0,107,............ 1 4 2 1 1 1 2 3 1 5 3 1 2 4 2 1 0 1 2 1 3 0 0 2 1 3 1 3 1 2 1 3 2 1 0 2 3 1 1 2 7 1 0 3 3 1 1 1 1 6 1 1 2 2 3 2 1 1 1 0 3 1 1 1 1 1 3 2 1 3 1 1 1 4 1 0 1 1 3 6 0 3 1 3 3 3 2 1 3 1 4 1 3 3 0 0 0 1 3 3
108,0.8618220781686632,0,0.0,108,............ 1 4 2 1 1 1 2 3 1 5 3 1 2 4 2 1 0 1 2 1 3 0 0 2 1 3 1 3 1 2 1 3 2 1 0 2 3 1 1 2 7 1 0 3 3 1 1 1 1 6 1 1 2 2 3 2 1 1 1 0 3 1 1 1 1 1 3 2 1 3 1 1 1 4 1 0 1 1 3 6 0 3 1 3 3 3 2 1 3 1 4 1 3 3 0 0 0 1 3 3
109,0.8618220781686632,0,0.0,109,............ 1 4 2 1 1 1 2 3 1 5 3 1 2 4 2 1 0 1 2 1 3 0 0 2 1 3 1 3 1 2 1 3 2 1 0 2 3 1 1 2 7 1 0 3 3 1 1 1 1 6 1 1 2 2 3 2 1 1 1 0 3 1 1 1 1 1 3 2 1 3 1 1 1 4 1 0 1 1 3 6 0 3 1 3 3 3 2 1 3 1 4 1 3 3 0 0 0 1 3 3
110,0.8618220781686632,0,0.0,110,............ 1 4 2 1 1 1 2 3 1 5 3 1 2 4 2 1 0 1 2 1 3 0 0 2 1 3 1 3 1 2 1 3 2 1 0 2 3 1 1 2 7 1 0 3 3 1 1 1 1 6 1 1 2 2 3 2 1 1 1 0 3 1 1 1 1 1 3 2 1 3 1 1 1 4 1 0 1 1 3 6 0 3 1 3 3 3 2 1 3 1 4 1 3 3 0 0 0 1 3 3
111,0.8618220781686632,0,0.0,111,............ 1 4 2 1 1 1 2 3 1 5 3 1 2 4 2 1 0 1 2 1 3 0 0 2 1 3 1 3 1 2 1 3 2 1 0 2 3 1 1 2 7 1 0 3 3 1 1 1 1 6 1 1 2 2 3 2 1 1 1 0 3 1 1 1 1 1 3 2 1 3 1 1 1 4 1 0 1 1 3 6 0 3 1 3 3 3 2 1 3 1 4 1 3 3 0 0 0 1 3 3
112,0.8618220781686632,0,0.0,112,............ 1 4 2 1 1 1 2 3 1 5 3 1 2 4 2 1 0 1 2 1 3 0 0 2 1 3 1 3 1 2 1 3 2 1 0 2 3 1 1 2 7 1 0 3 3 1 1 1 1 6 1 1 2 2 3 2 1 1 1 0 3 1 1 1 1 1 3 2 1 3 1 1 1 4 1 0 1 1 3 6 0 3 1 3 3 3 2 1 3 1 4 1 3 3 0 0 0 1 3 3
113,0.8618220781686632,0,0.0,113,............ 1 4 2 1 1 1 2 3 1 5 3 1 2 4 2 1 0 1 2 1 3 0 0 2 1 3 1 3 1 2 1 3 2 1 0 2 3 1 1 2 7 1 0 3 3 1 1 1 1 6 1 1 2 2 3 2 1 1 1 0 3 1 1 1 1 1 3 2 1 3 1 1 1 4 1 0 1 1 3 6 0 3 1 3 3 3 2 1 3 1 4 1 3 3 0 0 0 1 3 3
114,0.8618220781686632,0,0.0,114,............ 1 4 2 1 1 1 2 3 1 5 3 1 2 4 2 1 0 1 2 1 3 0 0 2 1 3 1 3 1 2 1 3 2 1 0 2 3 1 1 2 7 1 0 3 3 1 1 1 1 6 1 1 2 2 3 2 1 1 1 0 3 1 1 1 1 1 3 2 1 3 1 1 1 4 1 0 1 1 3 6 0 3 1 3 3 3 2 1 3 1 4 1 3 3 0 0 0 1 3 3
115,0.8618220781686632,0,0.0,115,............ 1 4 2 1 1 1 2 3 1 5 3 1 2 4 2 1 0 1 2 1 3 0 0 2 1 3 1 3 1 2 1 3 2 1 0 2 3 1 1 2 7 1 0 3 3 1 1 1 1 6 1 1 2 2 3 2 1 1 1 0 3 1 1 1 1 1 3 2 1 3 1 1 1 4 1 0 1 1 3 6 0 3 1 3 3 3 2 1 3 1 4 1 3 3 0 0 0 1 3 3
116,0.8618220781686632,0,0.0,116,............ 1 4 2 1 1 1 2 3 1 5 3 1 2 4 2 1 0 1 2 1 3 0 0 2 1 3 1 3 1 2 1 3 2 1 0 2 3 1 1 2 7 1 0 3 3 1 1 1 1 6 1 1 2 2 3 2 1 1 1 0 3 1 1 1 1 1 3 2 1 3 1 1 1 4 1 0 1 1 3 6 0 3 1 3 3 3 2 1 3 1 4 1 3 3 0 0 0 1 3 3
117,0.8618220781686632,0,0.0,117,............ 1 4 2 1 1 1 2 3 1 5 3 1 2 4 2 1 0 1 2 1 3 0 0 2 1 3 1 3 1 2 1 3 2 1 0 2 3 1 1 2 7 1 0 3 3 1 1 1 1 6 1 1 2 2 3 2 1 1 1 0 3 1 1 1 1 1 3 2 1 3 1 1 1 4 1 0 1 1 3 6 0 3 1 3 3 3 2 1 3 1 4 1 3 3 0 0 0 1 3 3
118,0.8618220781686632,0,0.0,118,............ 1 4 2 1 1 1 2 3 1 5 3 1 2 4 2 1 0 1 2 1 3 0 0 2 1 3 1 3 1 2 1 3 2 1 0 2 3 1 1 2 7 1 0 3 3 1 1 1 1 6 1 1 2 2 3 2 1 1 1 0 3 1 1 1 1 1 3 2 1 3 1 1 1 4 1 0 1 1 3 6 0 3 1 3 3 3 2 1 3 1 4 1 3 3 0 0 0 1 3 3
119,0.8618220781686632,0,0.0,119,............ 1 4 2 1 1 1 2 3 1 5 3 1 2 4 2 1 0 1 2 1 3 0 0 2 1 3 1 3 1 2 1 3 2 1 0 2 3 1 1 2 7 1 0 3 3 1 1 1 1 6 1 1 2 2 3 2 1 1 1 0 3 1 1 1 1 1 3 2 1 3 1 1 1 4 1 0 1 1 3 6 0 3 1 3 3 3 2 1 3 1 4 1 3 3 0 0 0 1 3 3
120,0.8618220781686632,0,0.0,120,............ 1 4 2 1 1 1 2 3 1 5 3 1 2 4 2 1 0 1 2 1 3 0 0 2 1 3 1 3 1 2 1 3 2 1 0 2 3 1 1 2 7 1 0 3 3 1 1 1 1 6 1 1 2 2 3 2 1 1 1 0 3 1 1 1 1 1 3 2 1 3 1 1 1 4 1 0 1 1 3 6 0 3 1 3 3 3 2 1 3 1 4 1 3 3 0 0 0 1 3 3
121,0.8618220781686632,0,0.0,121,............ 1 4 2 1 1 1 2 3 1 5 3 1 2 4 2 1 0 1 2 1 3 0 0 2 1 3 1 3 1 2 1 3 2 1 0 2 3 1 1 2 7 1 0 3 3 1 1 1 1 6 1 1 2 2 3 2 1 1 1 0 3 1 1 1 1 1 3 2 1 3 1 1 1 4 1 0 1 1 3 6 0 3 1 3 3 3 2 1 3 1 4 1 3 3 0 0 0 1 3 3
122,0.8618220781686632,0,0.0,122,............ 1 4 2 1 1 1 2 3 1 5 3 1 2 4 2 1 0 1 2 1 3 0 0 2 1 3 1 3 1 2 1 3 2 1 0 2 3 1 1 2 7 1 0 3 3 1 1 1 1 6 1 1 2 2 3 2 1 1 1 0 3 1 1 1 1 1 3 2 1 3 1 1 1 4 1 0 1 1 3 6 0 3 1 3 3 3 2 1 3 1 4 1 3 3 0 0 0 1 3 3
123,0.8618220781686632,0,0.0,123,............ 1 4 2 1 1 1 2 3 1 5 3 1 2 4 2 1 0 1 2 1 3 0 0 2 1 3 1 3 1 2 1 3 2 1 0 2 3 1 1 2 7 1 0 3 3 1 1 1 1 6 1 1 2 2 3 2 1 1 1 0 3 1 1 1 1 1 3 2 1 3 1 1 1 4 1 0 1 1 3 6 0 3 1 3 3 3 2 1 3 1 4 1 3 3 0 0 0 1 3 3
124,0.8618220781686632,0,0.0,124,............ 1 4 2 1 1 1 2 3 1 5 3 1 2 4 2 1 0 1 2 1 3 0 0 2 1 3 1 3 1 2 1 3 2 1 0 2 3 1 1 2 7 1 0 3 3 1 1 1 1 6 1 1 2 2 3 2 1 1 1 0 3 1 1 1 1 1 3 2 1 3 1 1 1 4 1 0 1 1 3 6 0 3 1 3 3 3 2 1 3 1 4 1 3 3 0 0 0 1 3 3
125,0.8618220781686632,0,0.0,125,............ 1 4 2 1 1 1 2 3 1 5 3 1 2 4 2 1 0 1 2 1 3 0 0 2 1 3 1 3 1 2 1 3 2 1 0 2 3 1 1 2 7 1 0 3 3 1 1 1 1 6 1 1 2 2 3 2 1 1 1 0 3 1 1 1 1 1 3 2 1 3 1 1 1 4 1 0 1 1 3 6 0 3 1 3 3 3 2 1 3 1 4 1 3 3 0 0 0 1 3 3
126,0.8618220781686632,0,0.0,126,............ 1 4 2 1 1 1 2 3 1 5 3 1 2 4 2 1 0 1 2 1 3 0 0 2 1 3 1 3 1 2 1 3 2 1 0 2 3 1 1 2 7 1 0 3 3 1 1 1 1 6 1 1 2 2 3 2 1 1 1 0 3 1 1 1 1 1 3 2 1 3 1 1 1 4 1 0 1 1 3 6 0 3 1 3 3 3 2 1 3 1 4 1 3 3 0 0 0 1 3 3
127,0.8618220781686632,0,0.0,127,............ 1 4 2 1 1 1 2 3 1 5 3 1 2 4 2 1 0 1 2 1 3 0 0 2 1 3 1 3 1 2 1 3 2 1 0 2 3 1 1 2 7 1 0 3 3 1 1 1 1 6 1 1 2 2 3 2 1 1 1 0 3 1 1 1 1 1 3 2 1 3 1 1 1 4 1 0 1 1 3 6 0 3 1 3 3 3 2 1 3 1 4 1 3 3 0 0 0 1 3 3
128,0.8618220781686632,0,0.0,128,............ 1 4 2 1 1 1 2 3 1 5 3 1 2 4 2 1 0 1 2 1 3 0 0 2 1 3 1 3 1 2 1 3 2 1 0 2 3 1 1 2 7 1 0 3 3 1 1 1 1 6 1 1 2 2 3 2 1 1 1 0 3 1 1 1 1 1 3 2 1 3 1 1 1 4 1 0 1 1 3 6 0 3 1 3 3 3 2 1 3 1 4 1 3 3 0 0 0 1 3 3
129,0.8618220781686632,0,0.0,129,............ 1 4 2 1 1 1 2 3 1 5 3 1 2 4 2 1 0 1 2 1 3 0 0 2 1 3 1 3 1 2 1 3 2 1 0 2 3 1 1 2 7 1 0 3 3 1 1 1 1 6 1 1 2 2 3 2 1 1 1 0 3 1 1 1 1 1 3 2 1 3 1 1 1 4 1 0 1 1 3 6 0 3 1 3 3 3 2 1 3 1 4 1 3 3 0 0 0 1 3 3
130,0.8618220781686632,0,0.0,130,............ 1 4 2 1 1 1 2 3 1 5 3 1 2 4 2 1 0 1 2 1 3 0 0 2 1 3 1 3 1 2 1 3 2 1 0 2 3 1 1 2 7 1 0 3 3 1 1 1 1 6 1 1 2 2 3 2 1 1 1 0 3 1 1 1 1 1 3 2 1 3 1 1 1 4 1 0 1 1 3 6 0 3 1 3 3 3 2 1 3 1 4 1 3 3 0 0 0 1 3 3
131,0.8618220781686632,0,0.0,131,............ 1 4 2 1 1 1 2 3 1 5 3 1 2 4 2 1 0 1 2 1 3 0 0 2 1 3 1 3 1 2 1 3 2 1 0 2 3 1 1 2 7 1 0 3 3 1 1 1 1 6 1 1 2 2 3 2 1 1 1 0 3 1 1 1 1 1 3 2 1 3 1 1 1 4 1 0 1 1 3 6 0 3 1 3 3 3 2 1 3 1 4 1 3 3 0 0 0 1 3 3
132,0.8618220781686632,0,0.0,132,............ 1 4 2 1 1 1 2 3 1 5 3 1 2 4 2 1 0 1 2 1 3 0 0 2 1 3 1 3 1 2 1 3 2 1 0 2 3 1 1 2 7 1 0 3 3 1 1 1 1 6 1 1 2 2 3 2 1 1 1 0 3 1 1 1 1 1 3 2 1 3 1 1 1 4 1 0 1 1 3 6 0 3 1 3 3 3 2 1 3 1 4 1 3 3 0 0 0 1 3 3
133,0.8618220781686632,0,0.0,133,............ 1 4 2 1 1 1 2 3 1 5 3 1 2 4 2 1 0 1 2 1 3 0 0 2 1 3 1 3 1 2 1 3 2 1 0 2 3 1 1 2 7 1 0 3 3 1 1 1 1 6 1 1 2 2 3 2 1 1 1 0 3 1 1 1 1 1 3 2 1 3 1 1 1 4 1 0 1 1 3 6 0 3 1 3 3 3 2 1 3 1 4 1 3 3 0 0 0 1 3 3
134,0.8618220781686632,0,0.0,134,............ 1 4 2 1 1 1 2 3 1 5 3 1 2 4 2 1 0 1 2 1 3 0 0 2 1 3 1 3 1 2 1 3 2 1 0 2 3 1 1 2 7 1 0 3 3 1 1 1 1 6 1 1 2 2 3 2 1 1 1 0 3 1 1 1 1 1 3 2 1 3 1 1 1 4 1 0 1 1 3 6 0 3 1 3 3 3 2 1 3 1 4 1 3 3 0 0 0 1 3 3
135,0.8618220781686632,0,0.0,135,............ 1 4 2 1 1 1 2 3 1 5 3 1 2 4 2 1 0 1 2 1 3 0 0 2 1 3 1 3 1 2 1 3 2 1 0 2 3 1 1 2 7 1 0 3 3 1 1 1 1 6 1 1 2 2 3 2 1 1 1 0 3 1 1 1 1 1 3 2 1 3 1 1 1 4 1 0 1 1 3 6 0 3 1 3 3 3 2 1 3 1 4 1 3 3 0 0 0 1 3 3
136,0.8618220781686632,0,0.0,136,............ 1 4 2 1 1 1 2 3 1 5 3 1 2 4 2 1 0 1 2 1 3 0 0 2 1 3 1 3 1 2 1 3 2 1 0 2 3 1 1 2 7 1 0 3 3 1 1 1 1 6 1 1 2 2 3 2 1 1 1 0 3 1 1 1 1 1 3 2 1 3 1 1 1 4 1 0 1 1 3 6 0 3 1 3 3 3 2 1 3 1 4 1 3 3 0 0 0 1 3 3
137,0.8618220781686632,0,0.0,137,............ 1 4 2 1 1 1 2 3 1 5 3 1 2 4 2 1 0 1 2 1 3 0 0 2 1 3 1 3 1 2 1 3 2 1 0 2 3 1 1 2 7 1 0 3 3 1 1 1 1 6 1 1 2 2 3 2 1 1 1 0 3 1 1 1 1 1 3 2 1 3 1 1 1 4 1 0 1 1 3 6 0 3 1 3 3 3 2 1 3 1 4 1 3 3 0 0 0 1 3 3
138,0.8618220781686632,0,0.0,138,............ 1 4 2 1 1 1 2 3 1 5 3 1 2 4 2 1 0 1 2 1 3 0 0 2 1 3 1 3 1 2 1 3 2 1 0 2 3 1 1 2 7 1 0 3 3 1 1 1 1 6 1 1 2 2 3 2 1 1 1 0 3 1 1 1 1 1 3 2 1 3 1 1 1 4 1 0 1 1 3 6 0 3 1 3 3 3 2 1 3 1 4 1 3 3 0 0 0 1 3 3
139,0.8618220781686632,0,0.0,139,............ 1 4 2 1 1 1 2 3 1 5 3 1 2 4 2 1 0 1 2 1 3 0 0 2 1 3 1 3 1 2 1 3 2 1 0 2 3 1 1 2 7 1 0 3 3 1 1 1 1 6 1 1 2 2 3 2 1 1 1 0 3 1 1 1 1 1 3 2 1 3 1 1 1 4 1 0 1 1 3 6 0 3 1 3 3 3 2 1 3 1 4 1 3 3 0 0 0 1 3 3
140,0.8618220781686632,0,0.0,140,............ 1 4 2 1 1 1 2 3 1 5 3 1 2 4 2 1 0 1 2 1 3 0 0 2 1 3 1 3 1 2 1 3 2 1 0 2 3 1 1 2 7 1 0 3 3 1 1 1 1 6 1 1 2 2 3 2 1 1 1 0 3 1 1 1 1 1 3 2 1 3 1 1 1 4 1 0 1 1 3 6 0 3 1 3 3 3 2 1 3 1 4 1 3 3 0 0 0 1 3 3
141,0.8618220781686632,0,0.0,141,............ 1 4 2 1 1 1 2 3 1 5 3 1 2 4 2 1 0 1 2 1 3 0 0 2 1 3 1 3 1 2 1 3 2 1 0 2 3 1 1 2 7 1 0 3 3 1 1 1 1 6 1 1 2 2 3 2 1 1 1 0 3 1 1 1 1 1 3 2 1 3 1 1 1 4 1 0 1 1 3 6 0 3 1 3 3 3 2 1 3 1 4 1 3 3 0 0 0 1 3 3
142,0.8618220781686632,0,0.0,142,............ 1 4 2 1 1 1 2 3 1 5 3 1 2 4 2 1 0 1 2 1 3 0 0 2 1 3 1 3 1 2 1 3 2 1 0 2 3 1 1 2 7 1 0 3 3 1 1 1 1 6 1 1 2 2 3 2 1 1 1 0 3 1 1 1 1 1 3 2 1 3 1 1 1 4 1 0 1 1 3 6 0 3 1 3 3 3 2 1 3 1 4 1 3 3 0 0 0 1 3 3
143,0.8618220781686632,0,0.0,143,............ 1 4 2 1 1 1 2 3 1 5 3 1 2 4 2 1 0 1 2 1 3 0 0 2 1 3 1 3 1 2 1 3 2 1 0 2 3 1 1 2 7 1 0 3 3 1 1 1 1 6 1 1 2 2 3 2 1 1 1 0 3 1 1 1 1 1 3 2 1 3 1 1 1 4 1 0 1 1 3 6 0 3 1 3 3 3 2 1 3 1 4 1 3 3 0 0 0 1 3 3
144,0.8618220781686632,0,0.0,144,............ 1 4 2 1 1 1 2 3 1 5 3 1 2 4 2 1 0 1 2 1 3 0 0 2 1 3 1 3 1 2 1 3 2 1 0 2 3 1 1 2 7 1 0 3 3 1 1 1 1 6 1 1 2 2 3 2 1 1 1 0 3 1 1 1 1 1 3 2 1 3 1 1 1 4 1 0 1 1 3 6 0 3 1 3 3 3 2 1 3 1 4 1 3 3 0 0 0 1 3 3
145,0.8618220781686632,0,0.0,145,............ 1 4 2 1 1 1 2 3 1 5 3 1 2 4 2 1 0 1 2 1 3 0 0 2 1 3 1 3 1 2 1 3 2 1 0 2 3 1 1 2 7 1 0 3 3 1 1 1 1 6 1 1 2 2 3 2 1 1 1 0 3 1 1 1 1 1 3 2 1 3 1 1 1 4 1 0 1 1 3 6 0 3 1 3 3 3 2 1 3 1 4 1 3 3 0 0 0 1 3 3
146,0.8618220781686632,0,0.0,146,............ 1 4 2 1 1 1 2 3 1 5 3 1 2 4 2 1 0 1 2 1 3 0 0 2 1 3 1 3 1 2 1 3 2 1 0 2 3 1 1 2 7 1 0 3 3 1 1 1 1 6 1 1 2 2 3 2 1 1 1 0 3 1 1 1 1 1 3 2 1 3 1 1 1 4 1 0 1 1 3 6 0 3 1 3 3 3 2 1 3 1 4 1 3 3 0 0 0 1 3 3
147,0.8618220781686632,0,0.0,147,............ 1 4 2 1 1 1 2 3 1 5 3 1 2 4 2 1 0 1 2 1 3 0 0 2 1 3 1 3 1 2 1 3 2 1 0 2 3 1 1 2 7 1 0 3 3 1 1 1 1 6 1 1 2 2 3 2 1 1 1 0 3 1 1 1 1 1 3 2 1 3 1 1 1 4 1 0 1 1 3 6 0 3 1 3 3 3 2 1 3 1 4 1 3 3 0 0 0 1 3 3
148,0.8618220781686632,0,0.0,148,............ 1 4 2 1 1 1 2 3 1 5 3 1 2 4 2 1 0 1 2 1 3 0 0 2 1 3 1 3 1 2 1 3 2 1 0 2 3 1 1 2 7 1 0 3 3 1 1 1 1 6 1 1 2 2 3 2 1 1 1 0 3 1 1 1 1 1 3 2 1 3 1 1 1 4 1 0 1 1 3 6 0 3 1 3 3 3 2 1 3 1 4 1 3 3 0 0 0 1 3 3
149,0.8618220781686632,0,0.0,149,............ 1 4 2 1 1 1 2 3 1 5 3 1 2 4 2 1 0 1 2 1 3 0 0 2 1 3 1 3 1 2 1 3 2 1 0 2 3 1 1 2 7 1 0 3 3 1 1 1 1 6 1 1 2 2 3 2 1 1 1 0 3 1 1 1 1 1 3 2 1 3 1 1 1 4 1 0 1 1 3 6 0 3 1 3 3 3 2 1 3 1 4 1 3 3 0 0 0 1 3 3
150,0.8618220781686632,0,0.0,150,............ 1 4 2 1 1 1 2 3 1 5 3 1 2 4 2 1 0 1 2 1 3 0 0 2 1 3 1 3 1 2 1 3 2 1 0 2 3 1 1 2 7 1 0 3 3 1 1 1 1 6 1 1 2 2 3 2 1 1 1 0 3 1 1 1 1 1 3 2 1 3 1 1 1 4 1 0 1 1 3 6 0 3 1 3 3 3 2 1 3 1 4 1 3 3 0 0 0 1 3 3
151,0.8618220781686632,0,0.0,151,............ 1 4 2 1 1 1 2 3 1 5 3 1 2 4 2 1 0 1 2 1 3 0 0 2 1 3 1 3 1 2 1 3 2 1 0 2 3 1 1 2 7 1 0 3 3 1 1 1 1 6 1 1 2 2 3 2 1 1 1 0 3 1 1 1 1 1 3 2 1 3 1 1 1 4 1 0 1 1 3 6 0 3 1 3 3 3 2 1 3 1 4 1 3 3 0 0 0 1 3 3
152,0.8618220781686632,0,0.0,152,............ 1 4 2 1 1 1 2 3 1 5 3 1 2 4 2 1 0 1 2 1 3 0 0 2 1 3 1 3 1 2 1 3 2 1 0 2 3 1 1 2 7 1 0 3 3 1 1 1 1 6 1 1 2 2 3 2 1 1 1 0 3 1 1 1 1 1 3 2 1 3 1 1 1 4 1 0 1 1 3 6 0 3 1 3 3 3 2 1 3 1 4 1 3 3 0 0 0 1 3 3
153,0.8618220781686632,0,0.0,153,............ 1 4 2 1 1 1 2 3 1 5 3 1 2 4 2 1 0 1 2 1 3 0 0 2 1 3 1 3 1 2 1 3 2 1 0 2 3 1 1 2 7 1 0 3 3 1 1 1 1 6 1 1 2 2 3 2 1 1 1 0 3 1 1 1 1 1 3 2 1 3 1 1 1 4 1 0 1 1 3 6 0 3 1 3 3 3 2 1 3 1 4 1 3 3 0 0 0 1 3 3
154,0.8618220781686632,0,0.0,154,............ 1 4 2 1 1 1 2 3 1 5 3 1 2 4 2 1 0 1 2 1 3 0 0 2 1 3 1 3 1 2 1 3 2 1 0 2 3 1 1 2 7 1 0 3 3 1 1 1 1 6 1 1 2 2 3 2 1 1 1 0 3 1 1 1 1 1 3 2 1 3 1 1 1 4 1 0 1 1 3 6 0 3 1 3 3 3 2 1 3 1 4 1 3 3 0 0 0 1 3 3
155,0.8618220781686632,0,0.0,155,............ 1 4 2 1 1 1 2 3 1 5 3 1 2 4 2 1 0 1 2 1 3 0 0 2 1 3 1 3 1 2 1 3 2 1 0 2 3 1 1 2 7 1 0 3 3 1 1 1 1 6 1 1 2 2 3 2 1 1 1 0 3 1 1 1 1 1 3 2 1 3 1 1 1 4 1 0 1 1 3 6 0 3 1 3 3 3 2 1 3 1 4 1 3 3 0 0 0 1 3 3
156,0.8618220781686632,0,0.0,156,............ 1 4 2 1 1 1 2 3 1 5 3 1 2 4 2 1 0 1 2 1 3 0 0 2 1 3 1 3 1 2 1 3 2 1 0 2 3 1 1 2 7 1 0 3 3 1 1 1 1 6 1 1 2 2 3 2 1 1 1 0 3 1 1 1 1 1 3 2 1 3 1 1 1 4 1 0 1 1 3 6 0 3 1 3 3 3 2 1 3 1 4 1 3 3 0 0 0 1 3 3
157,0.8618220781686632,0,0.0,157,............ 1 4 2 1 1 1 2 3 1 5 3 1 2 4 2 1 0 1 2 1 3 0 0 2 1 3 1 3 1 2 1 3 2 1 0 2 3 1 1 2 7 1 0 3 3 1 1 1 1 6 1 1 2 2 3 2 1 1 1 0 3 1 1 1 1 1 3 2 1 3 1 1 1 4 1 0 1 1 3 6 0 3 1 3 3 3 2 1 3 1 4 1 3 3 0 0 0 1 3 3
158,0.8618220781686632,0,0.0,158,............ 1 4 2 1 1 1 2 3 1 5 3 1 2 4 2 1 0 1 2 1 3 0 0 2 1 3 1 3 1 2 1 3 2 1 0 2 3 1 1 2 7 1 0 3 3 1 1 1 1 6 1 1 2 2 3 2 1 1 1 0 3 1 1 1 1 1 3 2 1 3 1 1 1 4 1 0 1 1 3 6 0 3 1 3 3 3 2 1 3 1 4 1 3 3 0 0 0 1 3 3
159,0.8618220781686632,0,0.0,159,............ 1 4 2 1 1 1 2 3 1 5 3 1 2 4 2 1 0 1 2 1 3 0 0 2 1 3 1 3 1 2 1 3 2 1 0 2 3 1 1 2 7 1 0 3 3 1 1 1 1 6 1 1 2 2 3 2 1 1 1 0 3 1 1 1 1 1 3 2 1 3 1 1 1 4 1 0 1 1 3 6 0 3 1 3 3 3 2 1 3 1 4 1 3 3 0 0 0 1 3 3
160,0.8618220781686632,0,0.0,160,............ 1 4 2 1 1 1 2 3 1 5 3 1 2 4 2 1 0 1 2 1 3 0 0 2 1 3 1 3 1 2 1 3 2 1 0 2 3 1 1 2 7 1 0 3 3 1 1 1 1 6 1 1 2 2 3 2 1 1 1 0 3 1 1 1 1 1 3 2 1 3 1 1 1 4 1 0 1 1 3 6 0 3 1 3 3 3 2 1 3 1 4 1 3 3 0 0 0 1 3 3
161,0.8618220781686632,0,0.0,161,............ 1 4 2 1 1 1 2 3 1 5 3 1 2 4 2 1 0 1 2 1 3 0 0 2 1 3 1 3 1 2 1 3 2 1 0 2 3 1 1 2 7 1 0 3 3 1 1 1 1 6 1 1 2 2 3 2 1 1 1 0 3 1 1 1 1 1 3 2 1 3 1 1 1 4 1 0 1 1 3 6 0 3 1 3 3 3 2 1 3 1 4 1 3 3 0 0 0 1 3 3
162,0.8618220781686632,0,0.0,162,............ 1 4 2 1 1 1 2 3 1 5 3 1 2 4 2 1 0 1 2 1 3 0 0 2 1 3 1 3 1 2 1 3 2 1 0 2 3 1 1 2 7 1 0 3 3 1 1 1 1 6 1 1 2 2 3 2 1 1 1 0 3 1 1 1 1 1 3 2 1 3 1 1 1 4 1 0 1 1 3 6 0 3 1 3 3 3 2 1 3 1 4 1 3 3 0 0 0 1 3 3
163,0.8618220781686632,0,0.0,163,............ 1 4 2 1 1 1 2 3 1 5 3 1 2 4 2 1 0 1 2 1 3 0 0 2 1 3 1 3 1 2 1 3 2 1 0 2 3 1 1 2 7 1 0 3 3 1 1 1 1 6 1 1 2 2 3 2 1 1 1 0 3 1 1 1 1 1 3 2 1 3 1 1 1 4 1 0 1 1 3 6 0 3 1 3 3 3 2 1 3 1 4 1 3 3 0 0 0 1 3 3
164,0.8618220781686632,0,0.0,164,............ 1 4 2 1 1 1 2 3 1 5 3 1 2 4 2 1 0 1 2 1 3 0 0 2 1 3 1 3 1 2 1 3 2 1 0 2 3 1 1 2 7 1 0 3 3 1 1 1 1 6 1 1 2 2 3 2 1 1 1 0 3 1 1 1 1 1 3 2 1 3 1 1 1 4 1 0 1 1 3 6 0 3 1 3 3 3 2 1 3 1 4 1 3 3 0 0 0 1 3 3
165,0.8618220781686632,0,0.0,165,............ 1 4 2 1 1 1 2 3 1 5 3 1 2 4 2 1 0 1 2 1 3 0 0 2 1 3 1 3 1 2 1 3 2 1 0 2 3 1 1 2 7 1 0 3 3 1 1 1 1 6 1 1 2 2 3 2 1 1 1 0 3 1 1 1 1 1 3 2 1 3 1 1 1 4 1 0 1 1 3 6 0 3 1 3 3 3 2 1 3 1 4 1 3 3 0 0 0 1 3 3
166,0.8618220781686632,0,0.0,166,............ 1 4 2 1 1 1 2 3 1 5 3 1 2 4 2 1 0 1 2 1 3 0 0 2 1 3 1 3 1 2 1 3 2 1 0 2 3 1 1 2 7 1 0 3 3 1 1 1 1 6 1 1 2 2 3 2 1 1 1 0 3 1 1 1 1 1 3 2 1 3 1 1 1 4 1 0 1 1 3 6 0 3 1 3 3 3 2 1 3 1 4 1 3 3 0 0 0 1 3 3
167,0.8618220781686632,0,0.0,167,............ 1 4 2 1 1 1 2 3 1 5 3 1 2 4 2 1 0 1 2 1 3 0 0 2 1 3 1 3 1 2 1 3 2 1 0 2 3 1 1 2 7 1 0 3 3 1 1 1 1 6 1 1 2 2 3 2 1 1 1 0 3 1 1 1 1 1 3 2 1 3 1 1 1 4 1 0 1 1 3 6 0 3 1 3 3 3 2 1 3 1 4 1 3 3 0 0 0 1 3 3
168,0.8618220781686632,0,0.0,168,............ 1 4 2 1 1 1 2 3 1 5 3 1 2 4 2 1 0 1 2 1 3 0 0 2 1 3 1 3 1 2 1 3 2 1 0 2 3 1 1 2 7 1 0 3 3 1 1 1 1 6 1 1 2 2 3 2 1 1 1 0 3 1 1 1 1 1 3 2 1 3 1 1 1 4 1 0 1 1 3 6 0 3 1 3 3 3 2 1 3 1 4 1 3 3 0 0 0 1 3 3
169,0.8618220781686632,0,0.0,169,............ 1 4 2 1 1 1 2 3 1 5 3 1 2 4 2 1 0 1 2 1 3 0 0 2 1 3 1 3 1 2 1 3 2 1 0 2 3 1 1 2 7 1 0 3 3 1 1 1 1 6 1 1 2 2 3 2 1 1 1 0 3 1 1 1 1 1 3 2 1 3 1 1 1 4 1 0 1 1 3 6 0 3 1 3 3 3 2 1 3 1 4 1 3 3 0 0 0 1 3 3
170,0.8618220781686632,0,0.0,170,............ 1 4 2 1 1 1 2 3 1 5 3 1 2 4 2 1 0 1 2 1 3 0 0 2 1 3 1 3 1 2 1 3 2 1 0 2 3 1 1 2 7 1 0 3 3 1 1 1 1 6 1 1 2 2 3 2 1 1 1 0 3 1 1 1 1 1 3 2 1 3 1 1 1 4 1 0 1 1 3 6 0 3 1 3 3 3 2 1 3 1 4 1 3 3 0 0 0 1 3 3
171,0.8618220781686632,0,0.0,171,............ 1 4 2 1 1 1 2 3 1 5 3 1 2 4 2 1 0 1 2 1 3 0 0 2 1 3 1 3 1 2 1 3 2 1 0 2 3 1 1 2 7 1 0 3 3 1 1 1 1 6 1 1 2 2 3 2 1 1 1 0 3 1 1 1 1 1 3 2 1 3 1 1 1 4 1 0 1 1 3 6 0 3 1 3 3 3 2 1 3 1 4 1 3 3 0 0 0 1 3 3
172,0.8618220781686632,0,0.0,172,............ 1 4 2 1 1 1 2 3 1 5 3 1 2 4 2 1 0 1 2 1 3 0 0 2 1 3 1 3 1 2 1 3 2 1 0 2 3 1 1 2 7 1 0 3 3 1 1 1 1 6 1 1 2 2 3 2 1 1 1 0 3 1 1 1 1 1 3 2 1 3 1 1 1 4 1 0 1 1 3 6 0 3 1 3 3 3 2 1 3 1 4 1 3 3 0 0 0 1 3 3
173,0.8618220781686632,0,0.0,173,............ 1 4 2 1 1 1 2 3 1 5 3 1 2 4 2 1 0 1 2 1 3 0 0 2 1 3 1 3 1 2 1 3 2 1 0 2 3 1 1 2 7 1 0 3 3 1 1 1 1 6 1 1 2 2 3 2 1 1 1 0 3 1 1 1 1 1 3 2 1 3 1 1 1 4 1 0 1 1 3 6 0 3 1 3 3 3 2 1 3 1 4 1 3 3 0 0 0 1 3 3
174,0.8618220781686632,0,0.0,174,............ 1 4 2 1 1 1 2 3 1 5 3 1 2 4 2 1 0 1 2 1 3 0 0 2 1 3 1 3 1 2 1 3 2 1 0 2 3 1 1 2 7 1 0 3 3 1 1 1 1 6 1 1 2 2 3 2 1 1 1 0 3 1 1 1 1 1 3 2 1 3 1 1 1 4 1 0 1 1 3 6 0 3 1 3 3 3 2 1 3 1 4 1 3 3 0 0 0 1 3 3
175,0.8618220781686632,0,0.0,175,............ 1 4 2 1 1 1 2 3 1 5 3 1 2 4 2 1 0 1 2 1 3 0 0 2 1 3 1 3 1 2 1 3 2 1 0 2 3 1 1 2 7 1 0 3 3 1 1 1 1 6 1 1 2 2 3 2 1 1 1 0 3 1 1 1 1 1 3 2 1 3 1 1 1 4 1 0 1 1 3 6 0 3 1 3 3 3 2 1 3 1 4 1 3 3 0 0 0 1 3 3
176,0.8618220781686632,0,0.0,176,............ 1 4 2 1 1 1 2 3 1 5 3 1 2 4 2 1 0 1 2 1 3 0 0 2 1 3 1 3 1 2 1 3 2 1 0 2 3 1 1 2 7 1 0 3 3 1 1 1 1 6 1 1 2 2 3 2 1 1 1 0 3 1 1 1 1 1 3 2 1 3 1 1 1 4 1 0 1 1 3 6 0 3 1 3 3 3 2 1 3 1 4 1 3 3 0 0 0 1 3 3
177,0.8618220781686632,0,0.0,177,............ 1 4 2 1 1 1 2 3 1 5 3 1 2 4 2 1 0 1 2 1 3 0 0 2 1 3 1 3 1 2 1 3 2 1 0 2 3 1 1 2 7 1 0 3 3 1 1 1 1 6 1 1 2 2 3 2 1 1 1 0 3 1 1 1 1 1 3 2 1 3 1 1 1 4 1 0 1 1 3 6 0 3 1 3 3 3 2 1 3 1 4 1 3 3 0 0 0 1 3 3
178,0.8618220781686632,0,0.0,178,............ 1 4 2 1 1 1 2 3 1 5 3 1 2 4 2 1 0 1 2 1 3 0 0 2 1 3 1 3 1 2 1 3 2 1 0 2 3 1 1 2 7 1 0 3 3 1 1 1 1 6 1 1 2 2 3 2 1 1 1 0 3 1 1 1 1 1 3 2 1 3 1 1 1 4 1 0 1 1 3 6 0 3 1 3 3 3 2 1 3 1 4 1 3 3 0 0 0 1 3 3
179,0.8618220781686632,0,0.0,179,............ 1 4 2 1 1 1 2 3 1 5 3 1 2 4 2 1 0 1 2 1 3 0 0 2 1 3 1 3 1 2 1 3 2 1 0 2 3 1 1 2 7 1 0 3 3 1 1 1 1 6 1 1 2 2 3 2 1 1 1 0 3 1 1 1 1 1 3 2 1 3 1 1 1 4 1 0 1 1 3 6 0 3 1 3 3 3 2 1 3 1 4 1 3 3 0 0 0 1 3 3
180,0.8618220781686632,0,0.0,180,............ 1 4 2 1 1 1 2 3 1 5 3 1 2 4 2 1 0 1 2 1 3 0 0 2 1 3 1 3 1 2 1 3 2 1 0 2 3 1 1 2 7 1 0 3 3 1 1 1 1 6 1 1 2 2 3 2 1 1 1 0 3 1 1 1 1 1 3 2 1 3 1 1 1 4 1 0 1 1 3 6 0 3 1 3 3 3 2 1 3 1 4 1 3 3 0 0 0 1 3 3
181,0.8618220781686632,0,0.0,181,............ 1 4 2 1 1 1 2 3 1 5 3 1 2 4 2 1 0 1 2 1 3 0 0 2 1 3 1 3 1 2 1 3 2 1 0 2 3 1 1 2 7 1 0 3 3 1 1 1 1 6 1 1 2 2 3 2 1 1 1 0 3 1 1 1 1 1 3 2 1 3 1 1 1 4 1 0 1 1 3 6 0 3 1 3 3 3 2 1 3 1 4 1 3 3 0 0 0 1 3 3
182,0.8618220781686632,0,0.0,182,............ 1 4 2 1 1 1 2 3 1 5 3 1 2 4 2 1 0 1 2 1 3 0 0 2 1 3 1 3 1 2 1 3 2 1 0 2 3 1 1 2 7 1 0 3 3 1 1 1 1 6 1 1 2 2 3 2 1 1 1 0 3 1 1 1 1 1 3 2 1 3 1 1 1 4 1 0 1 1 3 6 0 3 1 3 3 3 2 1 3 1 4 1 3 3 0 0 0 1 3 3
183,0.8618220781686632,0,0.0,183,............ 1 4 2 1 1 1 2 3 1 5 3 1 2 4 2 1 0 1 2 1 3 0 0 2 1 3 1 3 1 2 1 3 2 1 0 2 3 1 1 2 7 1 0 3 3 1 1 1 1 6 1 1 2 2 3 2 1 1 1 0 3 1 1 1 1 1 3 2 1 3 1 1 1 4 1 0 1 1 3 6 0 3 1 3 3 3 2 1 3 1 4 1 3 3 0 0 0 1 3 3
184,0.8618220781686632,0,0.0,184,............ 1 4 2 1 1 1 2 3 1 5 3 1 2 4 2 1 0 1 2 1 3 0 0 2 1 3 1 3 1 2 1 3 2 1 0 2 3 1 1 2 7 1 0 3 3 1 1 1 1 6 1 1 2 2 3 2 1 1 1 0 3 1 1 1 1 1 3 2 1 3 1 1 1 4 1 0 1 1 3 6 0 3 1 3 3 3 2 1 3 1 4 1 3 3 0 0 0 1 3 3
185,0.8618220781686632,0,0.0,185,............ 1 4 2 1 1 1 2 3 1 5 3 1 2 4 2 1 0 1 2 1 3 0 0 2 1 3 1 3 1 2 1 3 2 1 0 2 3 1 1 2 7 1 0 3 3 1 1 1 1 6 1 1 2 2 3 2 1 1 1 0 3 1 1 1 1 1 3 2 1 3 1 1 1 4 1 0 1 1 3 6 0 3 1 3 3 3 2 1 3 1 4 1 3 3 0 0 0 1 3 3
186,0.8618220781686632,0,0.0,186,............ 1 4 2 1 1 1 2 3 1 5 3 1 2 4 2 1 0 1 2 1 3 0 0 2 1 3 1 3 1 2 1 3 2 1 0 2 3 1 1 2 7 1 0 3 3 1 1 1 1 6 1 1 2 2 3 2 1 1 1 0 3 1 1 1 1 1 3 2 1 3 1 1 1 4 1 0 1 1 3 6 0 3 1 3 3 3 2 1 3 1 4 1 3 3 0 0 0 1 3 3
187,0.8618220781686632,0,0.0,187,............ 1 4 2 1 1 1 2 3 1 5 3 1 2 4 2 1 0 1 2 1 3 0 0 2 1 3 1 3 1 2 1 3 2 1 0 2 3 1 1 2 7 1 0 3 3 1 1 1 1 6 1 1 2 2 3 2 1 1 1 0 3 1 1 1 1 1 3 2 1 3 1 1 1 4 1 0 1 1 3 6 0 3 1 3 3 3 2 1 3 1 4 1 3 3 0 0 0 1 3 3
188,0.8618220781686632,0,0.0,188,............ 1 4 2 1 1 1 2 3 1 5 3 1 2 4 2 1 0 1 2 1 3 0 0 2 1 3 1 3 1 2 1 3 2 1 0 2 3 1 1 2 7 1 0 3 3 1 1 1 1 6 1 1 2 2 3 2 1 1 1 0 3 1 1 1 1 1 3 2 1 3 1 1 1 4 1 0 1 1 3 6 0 3 1 3 3 3 2 1 3 1 4 1 3 3 0 0 0 1 3 3
189,0.8618220781686632,0,0.0,189,............ 1 4 2 1 1 1 2 3 1 5 3 1 2 4 2 1 0 1 2 1 3 0 0 2 1 3 1 3 1 2 1 3 2 1 0 2 3 1 1 2 7 1 0 3 3 1 1 1 1 6 1 1 2 2 3 2 1 1 1 0 3 1 1 1 1 1 3 2 1 3 1 1 1 4 1 0 1 1 3 6 0 3 1 3 3 3 2 1 3 1 4 1 3 3 0 0 0 1 3 3
190,0.8618220781686632,0,0.0,190,............ 1 4 2 1 1 1 2 3 1 5 3 1 2 4 2 1 0 1 2 1 3 0 0 2 1 3 1 3 1 2 1 3 2 1 0 2 3 1 1 2 7 1 0 3 3 1 1 1 1 6 1 1 2 2 3 2 1 1 1 0 3 1 1 1 1 1 3 2 1 3 1 1 1 4 1 0 1 1 3 6 0 3 1 3 3 3 2 1 3 1 4 1 3 3 0 0 0 1 3 3
191,0.8618220781686632,0,0.0,191,............ 1 4 2 1 1 1 2 3 1 5 3 1 2 4 2 1 0 1 2 1 3 0 0 2 1 3 1 3 1 2 1 3 2 1 0 2 3 1 1 2 7 1 0 3 3 1 1 1 1 6 1 1 2 2 3 2 1 1 1 0 3 1 1 1 1 1 3 2 1 3 1 1 1 4 1 0 1 1 3 6 0 3 1 3 3 3 2 1 3 1 4 1 3 3 0 0 0 1 3 3
192,0.8618220781686632,0,0.0,192,............ 1 4 2 1 1 1 2 3 1 5 3 1 2 4 2 1 0 1 2 1 3 0 0 2 1 3 1 3 1 2 1 3 2 1 0 2 3 1 1 2 7 1 0 3 3 1 1 1 1 6 1 1 2 2 3 2 1 1 1 0 3 1 1 1 1 1 3 2 1 3 1 1 1 4 1 0 1 1 3 6 0 3 1 3 3 3 2 1 3 1 4 1 3 3 0 0 0 1 3 3
193,0.8618220781686632,0,0.0,193,............ 1 4 2 1 1 1 2 3 1 5 3 1 2 4 2 1 0 1 2 1 3 0 0 2 1 3 1 3 1 2 1 3 2 1 0 2 3 1 1 2 7 1 0 3 3 1 1 1 1 6 1 1 2 2 3 2 1 1 1 0 3 1 1 1 1 1 3 2 1 3 1 1 1 4 1 0 1 1 3 6 0 3 1 3 3 3 2 1 3 1 4 1 3 3 0 0 0 1 3 3
194,0.8618220781686632,0,0.0,194,............ 1 4 2 1 1 1 2 3 1 5 3 1 2 4 2 1 0 1 2 1 3 0 0 2 1 3 1 3 1 2 1 3 2 1 0 2 3 1 1 2 7 1 0 3 3 1 1 1 1 6 1 1 2 2 3 2 1 1 1 0 3 1 1 1 1 1 3 2 1 3 1 1 1 4 1 0 1 1 3 6 0 3 1 3 3 3 2 1 3 1 4 1 3 3 0 0 0 1 3 3
195,0.8618220781686632,0,0.0,195,............ 1 4 2 1 1 1 2 3 1 5 3 1 2 4 2 1 0 1 2 1 3 0 0 2 1 3 1 3 1 2 1 3 2 1 0 2 3 1 1 2 7 1 0 3 3 1 1 1 1 6 1 1 2 2 3 2 1 1 1 0 3 1 1 1 1 1 3 2 1 3 1 1 1 4 1 0 1 1 3 6 0 3 1 3 3 3 2 1 3 1 4 1 3 3 0 0 0 1 3 3
196,0.8618220781686632,0,0.0,196,............ 1 4 2 1 1 1 2 3 1 5 3 1 2 4 2 1 0 1 2 1 3 0 0 2 1 3 1 3 1 2 1 3 2 1 0 2 3 1 1 2 7 1 0 3 3 1 1 1 1 6 1 1 2 2 3 2 1 1 1 0 3 1 1 1 1 1 3 2 1 3 1 1 1 4 1 0 1 1 3 6 0 3 1 3 3 3 2 1 3 1 4 1 3 3 0 0 0 1 3 3
197,0.8618220781686632,0,0.0,197,............ 1 4 2 1 1 1 2 3 1 5 3 1 2 4 2 1 0 1 2 1 3 0 0 2 1 3 1 3 1 2 1 3 2 1 0 2 3 1 1 2 7 1 0 3 3 1 1 1 1 6 1 1 2 2 3 2 1 1 1 0 3 1 1 1 1 1 3 2 1 3 1 1 1 4 1 0 1 1 3 6 0 3 1 3 3 3 2 1 3 1 4 1 3 3 0 0 0 1 3 3
198,0.8618220781686632,0,0.0,198,............ 1 4 2 1 1 1 2 3 1 5 3 1 2 4 2 1 0 1 2 1 3 0 0 2 1 3 1 3 1 2 1 3 2 1 0 2 3 1 1 2 7 1 0 3 3 1 1 1 1 6 1 1 2 2 3 2 1 1 1 0 3 1 1 1 1 1 3 2 1 3 1 1 1 4 1 0 1 1 3 6 0 3 1 3 3 3 2 1 3 1 4 1 3 3 0 0 0 1 3 3
199,0.8618220781686632,0,0.0,199,............ 1 4 2 1 1 1 2 3 1 5 3 1 2 4 2 1 0 1 2 1 3 0 0 2 1 3 1 3 1 2 1 3 2 1 0 2 3 1 1 2 7 1 0 3 3 1 1 1 1 6 1 1 2 2 3 2 1 1 1 0 3 1 1 1 1 1 3 2 1 3 1 1 1 4 1 0 1 1 3 6 0 3 1 3 3 3 2 1 3 1 4 1 3 3 0 0 0 1 3 3
200,0.8618220781686632,0,0.0,200,............ 1 4 2 1 1 1 2 3 1 5 3 1 2 4 2 1 0 1 2 1 3 0 0 2 1 3 1 3 1 2 1 3 2 1 0 2 3 1 1 2 7 1 0 3 3 1 1 1 1 6 1 1 2 2 3 2 1 1 1 0 3 1 1 1 1 1 3 2 1 3 1 1 1 4 1 0 1 1 3 6 0 3 1 3 3 3 2 1 3 1 4 1 3 3 0 0 0 1 3 3
201,0.8618220781686632,0,0.0,201,............ 1 4 2 1 1 1 2 3 1 5 3 1 2 4 2 1 0 1 2 1 3 0 0 2 1 3 1 3 1 2 1 3 2 1 0 2 3 1 1 2 7 1 0 3 3 1 1 1 1 6 1 1 2 2 3 2 1 1 1 0 3 1 1 1 1 1 3 2 1 3 1 1 1 4 1 0 1 1 3 6 0 3 1 3 3 3 2 1 3 1 4 1 3 3 0 0 0 1 3 3
